id_site,code_module,code_presentation,activity_type,week_from,week_to
546943,AAA,2013J,resource,,
546712,AAA,2013J,oucontent,,
546998,AAA,2013J,resource,,
546888,AAA,2013J,url,,
547035,AAA,2013J,resource,,
546614,AAA,2013J,homepage,,
546897,AAA,2013J,url,,
546678,AAA,2013J,oucontent,,
546933,AAA,2013J,resource,,
546708,AAA,2013J,oucontent,,
546995,AAA,2013J,resource,,
546884,AAA,2013J,url,,
547031,AAA,2013J,resource,,
546891,AAA,2013J,url,,
546675,AAA,2013J,oucontent,,
546927,AAA,2013J,resource,,
546705,AAA,2013J,oucontent,,
546991,AAA,2013J,resource,,
546876,AAA,2013J,subpage,,
547027,AAA,2013J,resource,,
546671,AAA,2013J,oucontent,,
546923,AAA,2013J,resource,,
546702,AAA,2013J,oucontent,,
546988,AAA,2013J,resource,,
546872,AAA,2013J,subpage,,
547024,AAA,2013J,resource,,
546668,AAA,2013J,oucontent,,
546920,AAA,2013J,resource,,
546699,AAA,2013J,oucontent,,
546985,AAA,2013J,resource,,
546739,AAA,2013J,oucontent,,
547021,AAA,2013J,resource,,
546665,AAA,2013J,oucontent,,
546917,AAA,2013J,resource,,
546695,AAA,2013J,oucontent,,
546982,AAA,2013J,resource,,
546736,AAA,2013J,oucontent,,
547018,AAA,2013J,resource,,
546661,AAA,2013J,glossary,,
546692,AAA,2013J,oucontent,,
546972,AAA,2013J,resource,,
546733,AAA,2013J,oucontent,,
547014,AAA,2013J,resource,,
546658,AAA,2013J,forumng,,
546914,AAA,2013J,resource,,
546689,AAA,2013J,oucontent,,
546968,AAA,2013J,resource,,
546728,AAA,2013J,oucontent,,
547011,AAA,2013J,resource,,
547066,AAA,2013J,oucollaborate,,
546655,AAA,2013J,forumng,,
546910,AAA,2013J,resource,,
546686,AAA,2013J,oucontent,,
546961,AAA,2013J,resource,,
546723,AAA,2013J,oucontent,,
547007,AAA,2013J,resource,,
547048,AAA,2013J,dataplus,,
546652,AAA,2013J,forumng,,
546906,AAA,2013J,resource,,
546954,AAA,2013J,resource,,
546717,AAA,2013J,oucontent,,
547004,AAA,2013J,resource,,
547042,AAA,2013J,resource,,
546649,AAA,2013J,forumng,,
546903,AAA,2013J,url,,
546683,AAA,2013J,oucontent,,
546948,AAA,2013J,resource,,
546714,AAA,2013J,oucontent,,
547001,AAA,2013J,resource,,
547037,AAA,2013J,resource,,
546645,AAA,2013J,forumng,,
546899,AAA,2013J,url,,
546680,AAA,2013J,oucontent,,
546942,AAA,2013J,resource,,
546711,AAA,2013J,oucontent,,
546997,AAA,2013J,resource,,
546887,AAA,2013J,url,,
547034,AAA,2013J,resource,,
546896,AAA,2013J,url,,
546677,AAA,2013J,oucontent,,
546930,AAA,2013J,resource,,
546707,AAA,2013J,oucontent,,
546994,AAA,2013J,resource,,
546883,AAA,2013J,url,,
547030,AAA,2013J,resource,,
546890,AAA,2013J,url,,
546674,AAA,2013J,oucontent,,
546925,AAA,2013J,resource,,
546704,AAA,2013J,oucontent,,
546990,AAA,2013J,resource,,
546874,AAA,2013J,subpage,,
547026,AAA,2013J,resource,,
546670,AAA,2013J,oucontent,,
546922,AAA,2013J,resource,,
546701,AAA,2013J,oucontent,,
546987,AAA,2013J,resource,,
546871,AAA,2013J,subpage,,
547023,AAA,2013J,resource,,
546667,AAA,2013J,oucontent,,
546919,AAA,2013J,resource,,
546697,AAA,2013J,oucontent,,
546984,AAA,2013J,resource,,
546738,AAA,2013J,oucontent,,
547020,AAA,2013J,resource,,
546664,AAA,2013J,oucontent,,
546694,AAA,2013J,oucontent,,
546975,AAA,2013J,resource,,
546735,AAA,2013J,oucontent,,
547017,AAA,2013J,resource,,
546660,AAA,2013J,glossary,,
546916,AAA,2013J,resource,,
546691,AAA,2013J,oucontent,,
546971,AAA,2013J,resource,,
546732,AAA,2013J,oucontent,2,2
547013,AAA,2013J,resource,,
546657,AAA,2013J,forumng,,
546913,AAA,2013J,resource,,
546688,AAA,2013J,oucontent,,
546966,AAA,2013J,resource,,
546726,AAA,2013J,oucontent,,
547009,AAA,2013J,resource,,
547050,AAA,2013J,dataplus,,
546654,AAA,2013J,forumng,,
546909,AAA,2013J,resource,,
546685,AAA,2013J,oucontent,,
546960,AAA,2013J,resource,,
546721,AAA,2013J,oucontent,,
547006,AAA,2013J,resource,,
547047,AAA,2013J,dataplus,,
546651,AAA,2013J,forumng,,
546905,AAA,2013J,url,,
546952,AAA,2013J,resource,,
546716,AAA,2013J,oucontent,,
547003,AAA,2013J,resource,,
547040,AAA,2013J,resource,,
546648,AAA,2013J,forumng,,
546901,AAA,2013J,url,,
546682,AAA,2013J,oucontent,,
546947,AAA,2013J,resource,,
546713,AAA,2013J,oucontent,,
547000,AAA,2013J,resource,,
546889,AAA,2013J,url,,
547036,AAA,2013J,resource,,
546644,AAA,2013J,forumng,,
546898,AAA,2013J,url,,
546679,AAA,2013J,oucontent,,
546935,AAA,2013J,resource,,
546709,AAA,2013J,oucontent,,
546996,AAA,2013J,resource,,
546885,AAA,2013J,url,,
547032,AAA,2013J,resource,,
546894,AAA,2013J,url,,
546676,AAA,2013J,oucontent,,
546928,AAA,2013J,resource,,
546706,AAA,2013J,oucontent,,
546992,AAA,2013J,resource,,
546879,AAA,2013J,subpage,,
547028,AAA,2013J,resource,,
546672,AAA,2013J,oucontent,,
546924,AAA,2013J,resource,,
546703,AAA,2013J,oucontent,,
546989,AAA,2013J,resource,,
546873,AAA,2013J,subpage,,
547025,AAA,2013J,resource,,
546669,AAA,2013J,oucontent,,
546921,AAA,2013J,resource,,
546700,AAA,2013J,oucontent,,
546986,AAA,2013J,resource,,
546740,AAA,2013J,oucontent,,
547022,AAA,2013J,resource,,
546666,AAA,2013J,oucontent,,
546918,AAA,2013J,resource,,
546696,AAA,2013J,oucontent,,
546983,AAA,2013J,resource,,
546737,AAA,2013J,oucontent,,
547019,AAA,2013J,resource,,
546662,AAA,2013J,oucontent,,
546693,AAA,2013J,oucontent,,
546974,AAA,2013J,resource,,
546734,AAA,2013J,oucontent,,
547015,AAA,2013J,resource,,
546659,AAA,2013J,forumng,,
546915,AAA,2013J,resource,,
546690,AAA,2013J,oucontent,,
546970,AAA,2013J,resource,,
546731,AAA,2013J,oucontent,,
547012,AAA,2013J,resource,,
547067,AAA,2013J,oucollaborate,,
546656,AAA,2013J,forumng,,
546911,AAA,2013J,resource,,
546687,AAA,2013J,oucontent,,
546965,AAA,2013J,resource,,
546725,AAA,2013J,oucontent,,
547008,AAA,2013J,resource,,
547049,AAA,2013J,dataplus,,
546653,AAA,2013J,forumng,,
546907,AAA,2013J,resource,,
546955,AAA,2013J,resource,,
546719,AAA,2013J,oucontent,1,1
547005,AAA,2013J,resource,,
547043,AAA,2013J,resource,,
546650,AAA,2013J,forumng,,
546904,AAA,2013J,url,,
546684,AAA,2013J,oucontent,,
546949,AAA,2013J,resource,,
546715,AAA,2013J,oucontent,,
547002,AAA,2013J,resource,,
547038,AAA,2013J,resource,,
546647,AAA,2013J,forumng,,
546900,AAA,2013J,url,,
546681,AAA,2013J,oucontent,1,1
877162,AAA,2014J,resource,,
877223,AAA,2014J,resource,,
877032,AAA,2014J,oucontent,,
877263,AAA,2014J,resource,,
877064,AAA,2014J,oucontent,,
877098,AAA,2014J,oucontent,,
877157,AAA,2014J,resource,,
877220,AAA,2014J,resource,,
877029,AAA,2014J,glossary,,
877260,AAA,2014J,resource,,
877061,AAA,2014J,oucontent,,
1032910,AAA,2014J,url,,
877094,AAA,2014J,oucontent,,
877154,AAA,2014J,resource,,
877217,AAA,2014J,resource,,
877025,AAA,2014J,forumng,,
877256,AAA,2014J,resource,,
877058,AAA,2014J,oucontent,,
877423,AAA,2014J,dataplus,,
877091,AAA,2014J,oucontent,,
877151,AAA,2014J,resource,,
877214,AAA,2014J,resource,,
877012,AAA,2014J,forumng,,
877253,AAA,2014J,resource,,
877055,AAA,2014J,oucontent,,
877420,AAA,2014J,dataplus,,
877088,AAA,2014J,oucontent,,
877148,AAA,2014J,resource,,
877211,AAA,2014J,resource,,
877247,AAA,2014J,resource,,
877052,AAA,2014J,oucontent,,
877402,AAA,2014J,url,,
877085,AAA,2014J,oucontent,,
877145,AAA,2014J,resource,,
877208,AAA,2014J,resource,,
877244,AAA,2014J,resource,,
877049,AAA,2014J,oucontent,,
877397,AAA,2014J,url,,
877081,AAA,2014J,oucontent,,
877142,AAA,2014J,resource,,
877203,AAA,2014J,resource,,
877241,AAA,2014J,resource,,
877046,AAA,2014J,oucontent,,
877394,AAA,2014J,url,,
877078,AAA,2014J,oucontent,,
877197,AAA,2014J,resource,,
877237,AAA,2014J,resource,,
877043,AAA,2014J,oucontent,,
877387,AAA,2014J,url,,
877075,AAA,2014J,oucontent,,
877139,AAA,2014J,resource,,
877190,AAA,2014J,resource,,
877233,AAA,2014J,resource,,
877040,AAA,2014J,oucontent,2,2
877384,AAA,2014J,url,,
877072,AAA,2014J,oucontent,,
877135,AAA,2014J,subpage,,
877184,AAA,2014J,resource,,
877229,AAA,2014J,resource,,
877037,AAA,2014J,oucontent,,
877380,AAA,2014J,oucollaborate,,
877069,AAA,2014J,oucontent,,
877132,AAA,2014J,subpage,,
877172,AAA,2014J,resource,,
877225,AAA,2014J,resource,,
877034,AAA,2014J,oucontent,,
877265,AAA,2014J,resource,,
877066,AAA,2014J,oucontent,,
877100,AAA,2014J,oucontent,,
877159,AAA,2014J,resource,,
877222,AAA,2014J,resource,,
877031,AAA,2014J,oucontent,,
877262,AAA,2014J,resource,,
877063,AAA,2014J,oucontent,,
1072237,AAA,2014J,url,,
877096,AAA,2014J,oucontent,,
877156,AAA,2014J,resource,,
877219,AAA,2014J,resource,,
877028,AAA,2014J,glossary,,
877259,AAA,2014J,resource,,
877060,AAA,2014J,oucontent,,
1027118,AAA,2014J,url,,
877093,AAA,2014J,oucontent,,
877153,AAA,2014J,resource,,
877216,AAA,2014J,resource,,
877023,AAA,2014J,forumng,,
877255,AAA,2014J,resource,,
877057,AAA,2014J,oucontent,,
877422,AAA,2014J,dataplus,,
877090,AAA,2014J,oucontent,,
877150,AAA,2014J,resource,,
877213,AAA,2014J,resource,,
877011,AAA,2014J,forumng,,
877252,AAA,2014J,resource,,
877054,AAA,2014J,oucontent,,
877404,AAA,2014J,url,,
877087,AAA,2014J,oucontent,,
877147,AAA,2014J,resource,,
877210,AAA,2014J,resource,,
877246,AAA,2014J,resource,,
877051,AAA,2014J,oucontent,,
877399,AAA,2014J,url,,
877084,AAA,2014J,oucontent,,
877144,AAA,2014J,resource,,
877207,AAA,2014J,resource,,
877243,AAA,2014J,resource,,
877048,AAA,2014J,oucontent,,
877396,AAA,2014J,url,,
877080,AAA,2014J,oucontent,,
877141,AAA,2014J,resource,,
877199,AAA,2014J,resource,,
877240,AAA,2014J,resource,,
877045,AAA,2014J,oucontent,1,1
877393,AAA,2014J,url,,
877077,AAA,2014J,oucontent,,
877196,AAA,2014J,resource,,
877236,AAA,2014J,resource,,
877042,AAA,2014J,oucontent,,
877386,AAA,2014J,url,,
877074,AAA,2014J,oucontent,,
877138,AAA,2014J,resource,,
877187,AAA,2014J,resource,,
877231,AAA,2014J,resource,,
877039,AAA,2014J,oucontent,,
877383,AAA,2014J,url,,
877071,AAA,2014J,oucontent,,
877134,AAA,2014J,subpage,,
877182,AAA,2014J,resource,,
877228,AAA,2014J,resource,,
877036,AAA,2014J,oucontent,,
877379,AAA,2014J,oucollaborate,,
877068,AAA,2014J,oucontent,,
877129,AAA,2014J,subpage,,
877168,AAA,2014J,resource,,
877224,AAA,2014J,resource,,
877033,AAA,2014J,oucontent,,
877264,AAA,2014J,resource,,
877065,AAA,2014J,oucontent,,
877099,AAA,2014J,oucontent,,
877158,AAA,2014J,resource,,
877221,AAA,2014J,resource,,
877030,AAA,2014J,homepage,,
877261,AAA,2014J,resource,,
877062,AAA,2014J,oucontent,,
1072236,AAA,2014J,resource,,
877095,AAA,2014J,oucontent,,
877155,AAA,2014J,resource,,
877218,AAA,2014J,resource,,
877026,AAA,2014J,forumng,,
877258,AAA,2014J,resource,,
877059,AAA,2014J,oucontent,,
1010323,AAA,2014J,resource,,
877092,AAA,2014J,oucontent,,
877152,AAA,2014J,resource,,
877215,AAA,2014J,resource,,
877015,AAA,2014J,forumng,,
877254,AAA,2014J,resource,,
877056,AAA,2014J,oucontent,,
877421,AAA,2014J,dataplus,,
877089,AAA,2014J,oucontent,,
877149,AAA,2014J,resource,,
877212,AAA,2014J,resource,,
877248,AAA,2014J,resource,,
877053,AAA,2014J,oucontent,,
877403,AAA,2014J,url,,
877086,AAA,2014J,oucontent,,
877146,AAA,2014J,resource,,
877209,AAA,2014J,resource,,
877245,AAA,2014J,resource,,
877050,AAA,2014J,oucontent,,
877398,AAA,2014J,url,,
877082,AAA,2014J,oucontent,,
877143,AAA,2014J,resource,,
877206,AAA,2014J,resource,,
877242,AAA,2014J,resource,,
877047,AAA,2014J,oucontent,,
877395,AAA,2014J,url,,
877079,AAA,2014J,oucontent,,
877198,AAA,2014J,resource,,
877238,AAA,2014J,resource,,
877044,AAA,2014J,oucontent,1,1
877392,AAA,2014J,url,,
877076,AAA,2014J,oucontent,,
877140,AAA,2014J,resource,,
877195,AAA,2014J,resource,,
877234,AAA,2014J,resource,,
877041,AAA,2014J,oucontent,,
877385,AAA,2014J,url,,
877073,AAA,2014J,oucontent,,
877137,AAA,2014J,resource,,
877186,AAA,2014J,resource,,
877230,AAA,2014J,resource,,
877038,AAA,2014J,oucontent,,
877381,AAA,2014J,url,,
877070,AAA,2014J,oucontent,,
877133,AAA,2014J,subpage,,
877180,AAA,2014J,resource,,
877227,AAA,2014J,resource,,
877035,AAA,2014J,oucontent,,
877266,AAA,2014J,resource,,
877067,AAA,2014J,oucontent,,
877128,AAA,2014J,subpage,,
703732,BBB,2013J,forumng,,
704084,BBB,2013J,resource,9,9
703951,BBB,2013J,subpage,11,11
704116,BBB,2013J,resource,22,22
703986,BBB,2013J,resource,,
704148,BBB,2013J,resource,,
704018,BBB,2013J,resource,,
704180,BBB,2013J,resource,,
704050,BBB,2013J,resource,,
704212,BBB,2013J,resource,,
704081,BBB,2013J,resource,6,6
703948,BBB,2013J,subpage,8,8
704113,BBB,2013J,resource,19,19
703983,BBB,2013J,resource,,
704145,BBB,2013J,resource,,
704015,BBB,2013J,resource,,
704177,BBB,2013J,resource,,
704047,BBB,2013J,resource,,
704209,BBB,2013J,resource,,
703729,BBB,2013J,forumng,,
704078,BBB,2013J,resource,4,4
703945,BBB,2013J,subpage,4,4
704110,BBB,2013J,resource,15,15
703979,BBB,2013J,resource,,
704142,BBB,2013J,resource,,
704012,BBB,2013J,resource,,
704174,BBB,2013J,resource,,
704044,BBB,2013J,resource,,
704206,BBB,2013J,resource,,
703726,BBB,2013J,forumng,,
703942,BBB,2013J,subpage,,
704107,BBB,2013J,resource,14,14
703974,BBB,2013J,subpage,,
704139,BBB,2013J,resource,,
704009,BBB,2013J,resource,,
704171,BBB,2013J,resource,,
704041,BBB,2013J,resource,,
704203,BBB,2013J,resource,,
703722,BBB,2013J,forumng,,
704075,BBB,2013J,resource,4,4
704238,BBB,2013J,url,25,25
703939,BBB,2013J,subpage,,
704104,BBB,2013J,resource,14,14
703971,BBB,2013J,subpage,,
704136,BBB,2013J,resource,,
704006,BBB,2013J,resource,,
704168,BBB,2013J,resource,,
704038,BBB,2013J,resource,,
704200,BBB,2013J,resource,,
704071,BBB,2013J,resource,1,1
703901,BBB,2013J,oucontent,,
704101,BBB,2013J,resource,,
703968,BBB,2013J,subpage,,
704133,BBB,2013J,resource,,
704003,BBB,2013J,resource,,
704165,BBB,2013J,resource,,
704035,BBB,2013J,resource,,
704197,BBB,2013J,resource,,
704067,BBB,2013J,resource,,
704235,BBB,2013J,url,20,20
703897,BBB,2013J,quiz,,
704098,BBB,2013J,resource,,
703965,BBB,2013J,subpage,27,27
704130,BBB,2013J,resource,,
704000,BBB,2013J,resource,,
704162,BBB,2013J,resource,,
704032,BBB,2013J,resource,,
704194,BBB,2013J,resource,,
704064,BBB,2013J,resource,,
704232,BBB,2013J,url,16,16
703894,BBB,2013J,quiz,,
704095,BBB,2013J,resource,,
703962,BBB,2013J,subpage,24,24
704127,BBB,2013J,resource,,
703997,BBB,2013J,resource,,
704159,BBB,2013J,resource,,
704029,BBB,2013J,resource,,
704191,BBB,2013J,resource,,
704061,BBB,2013J,resource,,
704228,BBB,2013J,url,3,3
703740,BBB,2013J,forumng,,
704092,BBB,2013J,resource,,
703959,BBB,2013J,subpage,21,21
704124,BBB,2013J,resource,,
703994,BBB,2013J,resource,,
704156,BBB,2013J,resource,,
704026,BBB,2013J,resource,,
704188,BBB,2013J,resource,,
704058,BBB,2013J,resource,,
704224,BBB,2013J,url,,
703737,BBB,2013J,forumng,,
704089,BBB,2013J,resource,,
703956,BBB,2013J,subpage,18,18
704121,BBB,2013J,resource,26,26
703991,BBB,2013J,resource,,
704153,BBB,2013J,resource,,
704023,BBB,2013J,resource,,
704185,BBB,2013J,resource,,
704055,BBB,2013J,resource,,
704218,BBB,2013J,resource,,
703734,BBB,2013J,forumng,,
704086,BBB,2013J,resource,10,10
703953,BBB,2013J,subpage,14,14
704118,BBB,2013J,resource,24,24
703988,BBB,2013J,resource,,
704150,BBB,2013J,resource,,
704020,BBB,2013J,resource,,
704182,BBB,2013J,resource,,
704052,BBB,2013J,resource,,
704214,BBB,2013J,resource,,
704083,BBB,2013J,resource,8,8
703950,BBB,2013J,subpage,10,10
704115,BBB,2013J,resource,21,21
703985,BBB,2013J,resource,,
704147,BBB,2013J,resource,,
704017,BBB,2013J,resource,,
704179,BBB,2013J,resource,,
704049,BBB,2013J,resource,,
704211,BBB,2013J,resource,,
703731,BBB,2013J,forumng,,
704080,BBB,2013J,resource,5,5
703947,BBB,2013J,subpage,6,6
704112,BBB,2013J,resource,18,18
703982,BBB,2013J,resource,,
704144,BBB,2013J,resource,,
704014,BBB,2013J,resource,,
704176,BBB,2013J,resource,,
704046,BBB,2013J,resource,,
704208,BBB,2013J,resource,,
703728,BBB,2013J,forumng,,
703944,BBB,2013J,subpage,2,2
704109,BBB,2013J,resource,15,15
703977,BBB,2013J,subpage,,
704141,BBB,2013J,resource,,
704011,BBB,2013J,resource,,
704173,BBB,2013J,resource,,
704043,BBB,2013J,resource,,
704205,BBB,2013J,resource,,
703725,BBB,2013J,forumng,,
704077,BBB,2013J,resource,4,4
704240,BBB,2013J,url,28,28
703941,BBB,2013J,subpage,,
704106,BBB,2013J,resource,14,14
703973,BBB,2013J,subpage,,
704138,BBB,2013J,resource,,
704008,BBB,2013J,resource,,
704170,BBB,2013J,resource,,
704040,BBB,2013J,resource,,
704202,BBB,2013J,resource,,
703721,BBB,2013J,homepage,,
704074,BBB,2013J,resource,2,2
703933,BBB,2013J,sharedsubpage,,
704103,BBB,2013J,resource,14,14
703970,BBB,2013J,subpage,,
704135,BBB,2013J,resource,,
704005,BBB,2013J,resource,,
704167,BBB,2013J,resource,,
704037,BBB,2013J,resource,,
704199,BBB,2013J,resource,,
704069,BBB,2013J,resource,,
704237,BBB,2013J,url,23,23
703900,BBB,2013J,oucontent,1,1
704100,BBB,2013J,resource,,
703967,BBB,2013J,subpage,,
704132,BBB,2013J,resource,,
704002,BBB,2013J,resource,,
704164,BBB,2013J,resource,,
704034,BBB,2013J,resource,,
704196,BBB,2013J,resource,,
704066,BBB,2013J,resource,,
704234,BBB,2013J,url,16,16
703896,BBB,2013J,quiz,,
704097,BBB,2013J,resource,,
703964,BBB,2013J,subpage,26,26
704129,BBB,2013J,resource,,
703999,BBB,2013J,resource,,
704161,BBB,2013J,resource,,
704031,BBB,2013J,resource,,
704193,BBB,2013J,resource,,
704063,BBB,2013J,resource,,
704231,BBB,2013J,url,15,15
703742,BBB,2013J,glossary,,
704094,BBB,2013J,resource,,
703961,BBB,2013J,subpage,23,23
704126,BBB,2013J,resource,,
703996,BBB,2013J,resource,,
704158,BBB,2013J,resource,,
704028,BBB,2013J,resource,,
704190,BBB,2013J,resource,,
704060,BBB,2013J,resource,,
704227,BBB,2013J,url,,
703739,BBB,2013J,forumng,,
704091,BBB,2013J,resource,,
703958,BBB,2013J,subpage,20,20
704123,BBB,2013J,resource,,
703993,BBB,2013J,resource,,
704155,BBB,2013J,resource,,
704025,BBB,2013J,resource,,
704187,BBB,2013J,resource,,
704057,BBB,2013J,resource,,
704222,BBB,2013J,oucollaborate,,
703736,BBB,2013J,forumng,,
704088,BBB,2013J,resource,13,13
703955,BBB,2013J,subpage,16,16
704120,BBB,2013J,resource,25,25
703990,BBB,2013J,resource,,
704152,BBB,2013J,resource,,
704022,BBB,2013J,resource,,
704184,BBB,2013J,resource,,
704054,BBB,2013J,resource,,
704217,BBB,2013J,resource,1,1
703733,BBB,2013J,forumng,,
704085,BBB,2013J,resource,9,9
703952,BBB,2013J,subpage,13,13
704117,BBB,2013J,resource,23,23
703987,BBB,2013J,resource,,
704149,BBB,2013J,resource,,
704019,BBB,2013J,resource,,
704181,BBB,2013J,resource,,
704051,BBB,2013J,resource,,
704213,BBB,2013J,resource,,
704082,BBB,2013J,resource,8,8
703949,BBB,2013J,subpage,9,9
704114,BBB,2013J,resource,20,20
703984,BBB,2013J,resource,,
704146,BBB,2013J,resource,,
704016,BBB,2013J,resource,,
704178,BBB,2013J,resource,,
704048,BBB,2013J,resource,,
704210,BBB,2013J,resource,,
703730,BBB,2013J,forumng,,
704079,BBB,2013J,resource,5,5
703946,BBB,2013J,subpage,5,5
704111,BBB,2013J,resource,16,16
703981,BBB,2013J,resource,,
704143,BBB,2013J,resource,,
704013,BBB,2013J,resource,,
704175,BBB,2013J,resource,,
704045,BBB,2013J,resource,,
704207,BBB,2013J,resource,,
703727,BBB,2013J,forumng,,
703943,BBB,2013J,subpage,1,1
704108,BBB,2013J,resource,15,15
703975,BBB,2013J,subpage,,
704140,BBB,2013J,resource,,
704010,BBB,2013J,resource,,
704172,BBB,2013J,resource,,
704042,BBB,2013J,resource,,
704204,BBB,2013J,resource,,
703723,BBB,2013J,forumng,,
704076,BBB,2013J,resource,4,4
704239,BBB,2013J,url,27,27
703940,BBB,2013J,subpage,,
704105,BBB,2013J,resource,14,14
703972,BBB,2013J,subpage,,
704137,BBB,2013J,resource,,
704007,BBB,2013J,resource,,
704169,BBB,2013J,resource,,
704039,BBB,2013J,resource,,
704201,BBB,2013J,resource,,
704073,BBB,2013J,resource,2,2
703902,BBB,2013J,oucontent,,
704102,BBB,2013J,resource,14,14
703969,BBB,2013J,subpage,,
704134,BBB,2013J,resource,,
704004,BBB,2013J,resource,,
704166,BBB,2013J,resource,,
704036,BBB,2013J,resource,,
704198,BBB,2013J,resource,,
704068,BBB,2013J,resource,,
704236,BBB,2013J,url,22,22
703898,BBB,2013J,quiz,,
704099,BBB,2013J,resource,,
703966,BBB,2013J,subpage,28,28
704131,BBB,2013J,resource,,
704001,BBB,2013J,resource,,
704163,BBB,2013J,resource,,
704033,BBB,2013J,resource,,
704195,BBB,2013J,resource,,
704065,BBB,2013J,resource,,
704233,BBB,2013J,url,16,16
703895,BBB,2013J,quiz,,
704096,BBB,2013J,resource,,
703963,BBB,2013J,subpage,25,25
704128,BBB,2013J,resource,,
703998,BBB,2013J,resource,,
704160,BBB,2013J,resource,,
704030,BBB,2013J,resource,,
704192,BBB,2013J,resource,,
704062,BBB,2013J,resource,,
704229,BBB,2013J,url,,
703741,BBB,2013J,forumng,,
704093,BBB,2013J,resource,,
703960,BBB,2013J,subpage,22,22
704125,BBB,2013J,resource,28,28
703995,BBB,2013J,resource,,
704157,BBB,2013J,resource,,
704027,BBB,2013J,resource,,
704189,BBB,2013J,resource,,
704059,BBB,2013J,resource,,
704226,BBB,2013J,url,,
703738,BBB,2013J,forumng,,
704090,BBB,2013J,resource,,
703957,BBB,2013J,subpage,19,19
704122,BBB,2013J,resource,27,27
703992,BBB,2013J,resource,,
704154,BBB,2013J,resource,,
704024,BBB,2013J,resource,,
704186,BBB,2013J,resource,,
704056,BBB,2013J,resource,,
704221,BBB,2013J,oucollaborate,,
703735,BBB,2013J,forumng,,
704087,BBB,2013J,resource,11,11
703954,BBB,2013J,subpage,15,15
704119,BBB,2013J,resource,,
703989,BBB,2013J,resource,,
704151,BBB,2013J,resource,,
704021,BBB,2013J,resource,,
704183,BBB,2013J,resource,,
704053,BBB,2013J,resource,,
704215,BBB,2013J,resource,1,1
913621,BBB,2014J,resource,,
913661,BBB,2014J,resource,4,4
913696,BBB,2014J,subpage,,
913489,BBB,2014J,oucontent,,
937843,BBB,2014J,resource,,
913523,BBB,2014J,oucontent,,
913618,BBB,2014J,resource,,
913652,BBB,2014J,resource,,
913693,BBB,2014J,subpage,,
913486,BBB,2014J,oucontent,9,9
937840,BBB,2014J,resource,,
913520,BBB,2014J,oucontent,6,6
913615,BBB,2014J,resource,,
913649,BBB,2014J,resource,,
913690,BBB,2014J,subpage,,
913483,BBB,2014J,oucontent,9,9
937837,BBB,2014J,resource,,
913517,BBB,2014J,oucontent,,
913612,BBB,2014J,resource,,
913646,BBB,2014J,resource,,
913686,BBB,2014J,resource,,
913479,BBB,2014J,oucontent,4,4
937834,BBB,2014J,resource,,
913514,BBB,2014J,oucontent,,
913609,BBB,2014J,resource,,
913643,BBB,2014J,resource,,
913683,BBB,2014J,resource,,
913476,BBB,2014J,oucontent,2,2
937831,BBB,2014J,resource,,
913511,BBB,2014J,oucontent,5,5
992243,BBB,2014J,resource,,
913606,BBB,2014J,resource,,
913640,BBB,2014J,resource,,
913680,BBB,2014J,resource,,
913473,BBB,2014J,homepage,,
926339,BBB,2014J,oucollaborate,,
913508,BBB,2014J,oucontent,,
989840,BBB,2014J,oucontent,,
913603,BBB,2014J,resource,,
913635,BBB,2014J,resource,,
913677,BBB,2014J,resource,,
913465,BBB,2014J,glossary,,
926336,BBB,2014J,resource,,
913505,BBB,2014J,oucontent,,
985230,BBB,2014J,oucontent,,
913537,BBB,2014J,oucontent,4,4
913632,BBB,2014J,resource,,
913674,BBB,2014J,resource,,
926333,BBB,2014J,quiz,7,7
913502,BBB,2014J,oucontent,,
957623,BBB,2014J,oucontent,,
913629,BBB,2014J,resource,,
913670,BBB,2014J,resource,,
926330,BBB,2014J,oucontent,,
913499,BBB,2014J,oucontent,,
951621,BBB,2014J,resource,,
913533,BBB,2014J,oucontent,6,6
913626,BBB,2014J,resource,,
913667,BBB,2014J,resource,,
926327,BBB,2014J,oucontent,,
913495,BBB,2014J,oucontent,,
946589,BBB,2014J,resource,,
949691,BBB,2014J,url,,
913528,BBB,2014J,oucontent,2,2
913623,BBB,2014J,resource,,
913664,BBB,2014J,resource,5,5
913736,BBB,2014J,oucollaborate,,
913491,BBB,2014J,oucontent,,
942393,BBB,2014J,quiz,,
949688,BBB,2014J,url,,
913525,BBB,2014J,oucontent,4,4
913620,BBB,2014J,resource,,
913658,BBB,2014J,resource,,
913695,BBB,2014J,subpage,,
913488,BBB,2014J,oucontent,,
937842,BBB,2014J,resource,,
913522,BBB,2014J,oucontent,,
913617,BBB,2014J,resource,,
913651,BBB,2014J,resource,,
913692,BBB,2014J,subpage,,
913485,BBB,2014J,oucontent,9,9
937839,BBB,2014J,resource,,
913519,BBB,2014J,oucontent,6,6
913614,BBB,2014J,resource,,
913648,BBB,2014J,resource,,
913689,BBB,2014J,subpage,,
913482,BBB,2014J,oucontent,9,9
937836,BBB,2014J,resource,,
913516,BBB,2014J,oucontent,,
913611,BBB,2014J,resource,,
913645,BBB,2014J,resource,,
913685,BBB,2014J,resource,,
913478,BBB,2014J,oucontent,2,2
937833,BBB,2014J,resource,,
913513,BBB,2014J,oucontent,,
913608,BBB,2014J,resource,,
913642,BBB,2014J,resource,,
913682,BBB,2014J,resource,,
913475,BBB,2014J,oucontent,2,2
937830,BBB,2014J,oucontent,,
913510,BBB,2014J,oucontent,,
989842,BBB,2014J,questionnaire,,
913605,BBB,2014J,resource,,
913639,BBB,2014J,resource,,
913679,BBB,2014J,resource,,
913468,BBB,2014J,forumng,,
926338,BBB,2014J,resource,,
913507,BBB,2014J,oucontent,,
989327,BBB,2014J,questionnaire,,
913602,BBB,2014J,resource,,
913634,BBB,2014J,resource,,
913676,BBB,2014J,resource,9,9
913464,BBB,2014J,glossary,,
926335,BBB,2014J,resource,,
913504,BBB,2014J,oucontent,5,5
957625,BBB,2014J,resource,,
913631,BBB,2014J,resource,,
913673,BBB,2014J,resource,,
926332,BBB,2014J,oucontent,,
913501,BBB,2014J,oucontent,,
951623,BBB,2014J,resource,,
913535,BBB,2014J,oucontent,1,1
913628,BBB,2014J,resource,,
913669,BBB,2014J,resource,2,2
926329,BBB,2014J,oucontent,,
913497,BBB,2014J,oucontent,,
949687,BBB,2014J,url,,
951620,BBB,2014J,resource,,
913532,BBB,2014J,oucontent,9,9
913625,BBB,2014J,resource,,
913666,BBB,2014J,resource,6,6
926325,BBB,2014J,forumng,,
913494,BBB,2014J,oucontent,,
946588,BBB,2014J,resource,,
949690,BBB,2014J,url,,
913527,BBB,2014J,oucontent,,
913622,BBB,2014J,resource,,
913663,BBB,2014J,resource,,
913734,BBB,2014J,oucollaborate,,
913490,BBB,2014J,oucontent,,
937844,BBB,2014J,resource,,
913524,BBB,2014J,oucontent,5,5
913619,BBB,2014J,resource,,
913657,BBB,2014J,resource,2,2
913694,BBB,2014J,subpage,,
913487,BBB,2014J,oucontent,,
937841,BBB,2014J,resource,,
913521,BBB,2014J,oucontent,5,5
913616,BBB,2014J,resource,4,4
913650,BBB,2014J,resource,,
913691,BBB,2014J,subpage,,
913484,BBB,2014J,oucontent,,
937838,BBB,2014J,resource,,
913518,BBB,2014J,oucontent,,
913613,BBB,2014J,resource,,
913647,BBB,2014J,resource,,
913688,BBB,2014J,subpage,,
913481,BBB,2014J,oucontent,6,6
937835,BBB,2014J,resource,,
913515,BBB,2014J,oucontent,,
913610,BBB,2014J,resource,,
913644,BBB,2014J,resource,,
913684,BBB,2014J,resource,,
913477,BBB,2014J,oucontent,2,2
937832,BBB,2014J,resource,,
913512,BBB,2014J,oucontent,,
1010038,BBB,2014J,quiz,,
913607,BBB,2014J,resource,,
913641,BBB,2014J,resource,,
913681,BBB,2014J,resource,9,9
913474,BBB,2014J,oucontent,2,2
937829,BBB,2014J,oucontent,,
913509,BBB,2014J,oucontent,,
989841,BBB,2014J,questionnaire,,
913604,BBB,2014J,resource,,
913638,BBB,2014J,resource,,
913678,BBB,2014J,resource,,
913466,BBB,2014J,forumng,,
926337,BBB,2014J,resource,,
913506,BBB,2014J,oucontent,,
987931,BBB,2014J,quiz,,
913601,BBB,2014J,resource,,
913633,BBB,2014J,resource,,
913675,BBB,2014J,resource,,
926334,BBB,2014J,resource,,
913503,BBB,2014J,oucontent,,
957624,BBB,2014J,questionnaire,,
913630,BBB,2014J,resource,,
913671,BBB,2014J,resource,,
926331,BBB,2014J,oucontent,,
913500,BBB,2014J,oucontent,,
951622,BBB,2014J,resource,,
913534,BBB,2014J,oucontent,2,2
913627,BBB,2014J,resource,,
913668,BBB,2014J,resource,,
926328,BBB,2014J,oucontent,,
913496,BBB,2014J,oucontent,,
949686,BBB,2014J,subpage,,
951619,BBB,2014J,resource,,
913530,BBB,2014J,oucontent,,
913624,BBB,2014J,resource,,
913665,BBB,2014J,resource,,
913740,BBB,2014J,url,3,3
913493,BBB,2014J,oucontent,,
946094,BBB,2014J,oucontent,,
949689,BBB,2014J,url,,
913526,BBB,2014J,oucontent,,
674050,DDD,2013J,subpage,,
674224,DDD,2013J,resource,,
674446,DDD,2013J,url,,
674085,DDD,2013J,subpage,,
674258,DDD,2013J,resource,,
673545,DDD,2013J,forumng,,
674121,DDD,2013J,subpage,,
674299,DDD,2013J,resource,,
673986,DDD,2013J,subpage,,
674155,DDD,2013J,subpage,,
674334,DDD,2013J,resource,,
674018,DDD,2013J,subpage,,
674188,DDD,2013J,resource,,
674374,DDD,2013J,url,,
674047,DDD,2013J,subpage,,
674221,DDD,2013J,resource,,
674443,DDD,2013J,url,,
674082,DDD,2013J,subpage,,
674255,DDD,2013J,resource,,
673541,DDD,2013J,forumng,,
674118,DDD,2013J,subpage,,
674290,DDD,2013J,resource,,
674296,DDD,2013J,resource,,
673983,DDD,2013J,subpage,,
674152,DDD,2013J,subpage,,
674331,DDD,2013J,resource,,
674015,DDD,2013J,subpage,,
674185,DDD,2013J,resource,,
674369,DDD,2013J,oucollaborate,,
674217,DDD,2013J,resource,,
674440,DDD,2013J,url,,
674078,DDD,2013J,subpage,,
674251,DDD,2013J,resource,,
673537,DDD,2013J,forumng,,
674113,DDD,2013J,subpage,,
674287,DDD,2013J,resource,,
674293,DDD,2013J,resource,,
673980,DDD,2013J,subpage,,
674149,DDD,2013J,subpage,,
674327,DDD,2013J,resource,,
674012,DDD,2013J,subpage,,
674182,DDD,2013J,resource,,
674364,DDD,2013J,resource,,
674044,DDD,2013J,subpage,,
674214,DDD,2013J,resource,,
674437,DDD,2013J,url,,
674074,DDD,2013J,subpage,,
674248,DDD,2013J,resource,,
673534,DDD,2013J,forumng,,
674110,DDD,2013J,subpage,,
674284,DDD,2013J,resource,,
673971,DDD,2013J,subpage,,
673977,DDD,2013J,subpage,,
674145,DDD,2013J,subpage,,
674324,DDD,2013J,resource,,
674009,DDD,2013J,subpage,,
674179,DDD,2013J,resource,,
674361,DDD,2013J,resource,,
674041,DDD,2013J,subpage,,
674434,DDD,2013J,url,,
674071,DDD,2013J,subpage,,
674245,DDD,2013J,resource,,
673530,DDD,2013J,forumng,,
674105,DDD,2013J,subpage,,
674281,DDD,2013J,resource,,
673968,DDD,2013J,subpage,,
673974,DDD,2013J,subpage,,
674142,DDD,2013J,subpage,,
674321,DDD,2013J,resource,,
674006,DDD,2013J,subpage,,
674176,DDD,2013J,resource,,
674358,DDD,2013J,resource,,
674038,DDD,2013J,subpage,,
674210,DDD,2013J,resource,,
674431,DDD,2013J,url,,
674067,DDD,2013J,subpage,,
674242,DDD,2013J,resource,,
673527,DDD,2013J,forumng,,
674102,DDD,2013J,subpage,,
674277,DDD,2013J,resource,,
673746,DDD,2013J,ouwiki,,
674139,DDD,2013J,subpage,,
674318,DDD,2013J,resource,,
674003,DDD,2013J,subpage,,
674172,DDD,2013J,resource,,
674355,DDD,2013J,resource,,
674035,DDD,2013J,subpage,,
674207,DDD,2013J,resource,,
674428,DDD,2013J,url,,
674064,DDD,2013J,subpage,,
674239,DDD,2013J,resource,,
673524,DDD,2013J,externalquiz,,
674099,DDD,2013J,subpage,,
674274,DDD,2013J,resource,,
673740,DDD,2013J,oucontent,,
674136,DDD,2013J,subpage,,
674315,DDD,2013J,resource,,
674000,DDD,2013J,subpage,,
674169,DDD,2013J,subpage,,
674351,DDD,2013J,resource,,
674032,DDD,2013J,subpage,,
674204,DDD,2013J,resource,,
674392,DDD,2013J,url,,
674061,DDD,2013J,subpage,,
674236,DDD,2013J,resource,,
673521,DDD,2013J,externalquiz,,
674096,DDD,2013J,subpage,,
674271,DDD,2013J,resource,,
673733,DDD,2013J,oucontent,,
674133,DDD,2013J,subpage,,
674312,DDD,2013J,resource,,
673997,DDD,2013J,subpage,,
674166,DDD,2013J,subpage,,
674346,DDD,2013J,resource,,
674029,DDD,2013J,subpage,,
674200,DDD,2013J,resource,,
674383,DDD,2013J,url,,
674058,DDD,2013J,subpage,,
674233,DDD,2013J,resource,,
674458,DDD,2013J,url,,
674093,DDD,2013J,subpage,,
674268,DDD,2013J,resource,,
673729,DDD,2013J,oucontent,,
674130,DDD,2013J,subpage,,
674309,DDD,2013J,resource,,
673994,DDD,2013J,subpage,,
674163,DDD,2013J,subpage,,
674343,DDD,2013J,resource,,
674026,DDD,2013J,subpage,,
674197,DDD,2013J,resource,,
674055,DDD,2013J,subpage,,
674229,DDD,2013J,resource,,
674453,DDD,2013J,url,,
674090,DDD,2013J,subpage,,
674265,DDD,2013J,resource,,
673726,DDD,2013J,oucontent,,
674126,DDD,2013J,subpage,,
674306,DDD,2013J,resource,,
673991,DDD,2013J,subpage,,
674160,DDD,2013J,subpage,,
674339,DDD,2013J,resource,,
674023,DDD,2013J,subpage,,
674194,DDD,2013J,resource,,
674380,DDD,2013J,url,,
674052,DDD,2013J,subpage,,
674226,DDD,2013J,resource,,
674448,DDD,2013J,url,,
674087,DDD,2013J,subpage,,
674262,DDD,2013J,resource,,
673723,DDD,2013J,oucontent,,
674123,DDD,2013J,subpage,,
674301,DDD,2013J,resource,,
673988,DDD,2013J,subpage,,
674157,DDD,2013J,subpage,,
674336,DDD,2013J,resource,,
674020,DDD,2013J,subpage,,
674191,DDD,2013J,resource,,
674377,DDD,2013J,url,,
674049,DDD,2013J,subpage,,
674223,DDD,2013J,resource,,
674445,DDD,2013J,url,,
674084,DDD,2013J,subpage,,
674257,DDD,2013J,resource,,
673543,DDD,2013J,forumng,,
674120,DDD,2013J,subpage,,
674292,DDD,2013J,resource,,
674298,DDD,2013J,resource,,
673985,DDD,2013J,subpage,,
674154,DDD,2013J,subpage,,
674333,DDD,2013J,resource,,
674017,DDD,2013J,subpage,,
674187,DDD,2013J,resource,,
674373,DDD,2013J,url,,
674046,DDD,2013J,subpage,,
674220,DDD,2013J,resource,,
674442,DDD,2013J,url,,
674080,DDD,2013J,subpage,,
674253,DDD,2013J,resource,,
673540,DDD,2013J,forumng,,
674117,DDD,2013J,subpage,,
674289,DDD,2013J,resource,,
674295,DDD,2013J,resource,,
673982,DDD,2013J,subpage,,
674151,DDD,2013J,subpage,,
674329,DDD,2013J,resource,,
674014,DDD,2013J,subpage,,
674184,DDD,2013J,resource,,
674367,DDD,2013J,oucollaborate,,
674216,DDD,2013J,resource,,
674439,DDD,2013J,url,,
674077,DDD,2013J,subpage,,
674250,DDD,2013J,resource,,
673536,DDD,2013J,forumng,,
674112,DDD,2013J,subpage,,
674286,DDD,2013J,resource,,
673973,DDD,2013J,subpage,,
673979,DDD,2013J,subpage,,
674148,DDD,2013J,subpage,,
674326,DDD,2013J,resource,,
674011,DDD,2013J,subpage,,
674181,DDD,2013J,resource,,
674363,DDD,2013J,resource,,
674043,DDD,2013J,subpage,,
674213,DDD,2013J,resource,,
674436,DDD,2013J,url,,
674073,DDD,2013J,subpage,,
674247,DDD,2013J,resource,,
673533,DDD,2013J,forumng,,
674108,DDD,2013J,subpage,,
674283,DDD,2013J,resource,,
673970,DDD,2013J,subpage,,
673976,DDD,2013J,subpage,,
674144,DDD,2013J,subpage,,
674323,DDD,2013J,resource,,
674008,DDD,2013J,subpage,,
674178,DDD,2013J,resource,,
674360,DDD,2013J,resource,,
674040,DDD,2013J,subpage,,
674433,DDD,2013J,url,,
674070,DDD,2013J,subpage,,
674244,DDD,2013J,resource,,
673529,DDD,2013J,forumng,,
674104,DDD,2013J,subpage,,
674279,DDD,2013J,resource,,
673967,DDD,2013J,subpage,,
674141,DDD,2013J,subpage,,
674320,DDD,2013J,resource,,
674005,DDD,2013J,subpage,,
674175,DDD,2013J,resource,,
674357,DDD,2013J,resource,,
674037,DDD,2013J,subpage,,
674209,DDD,2013J,resource,,
674430,DDD,2013J,url,,
674066,DDD,2013J,subpage,,
674241,DDD,2013J,resource,,
673526,DDD,2013J,externalquiz,,
674101,DDD,2013J,subpage,,
674276,DDD,2013J,resource,,
673745,DDD,2013J,ouwiki,,
674138,DDD,2013J,subpage,,
674317,DDD,2013J,resource,,
674002,DDD,2013J,subpage,,
674171,DDD,2013J,resource,,
674353,DDD,2013J,resource,,
674034,DDD,2013J,subpage,,
674206,DDD,2013J,resource,,
674427,DDD,2013J,url,,
674063,DDD,2013J,subpage,,
674238,DDD,2013J,resource,,
673523,DDD,2013J,externalquiz,,
674098,DDD,2013J,subpage,,
674273,DDD,2013J,resource,,
673739,DDD,2013J,oucontent,,
674135,DDD,2013J,subpage,,
674314,DDD,2013J,resource,,
673999,DDD,2013J,subpage,,
674168,DDD,2013J,subpage,,
674348,DDD,2013J,resource,,
674031,DDD,2013J,subpage,,
674203,DDD,2013J,resource,,
674391,DDD,2013J,url,,
674060,DDD,2013J,subpage,,
674235,DDD,2013J,resource,,
673520,DDD,2013J,externalquiz,,
674461,DDD,2013J,url,,
674095,DDD,2013J,subpage,,
674270,DDD,2013J,resource,,
673731,DDD,2013J,oucontent,,
674132,DDD,2013J,subpage,,
674311,DDD,2013J,resource,,
673996,DDD,2013J,subpage,,
674165,DDD,2013J,subpage,,
674345,DDD,2013J,resource,,
674028,DDD,2013J,subpage,,
674199,DDD,2013J,resource,,
674057,DDD,2013J,subpage,,
674232,DDD,2013J,resource,,
674457,DDD,2013J,url,,
674092,DDD,2013J,subpage,,
674267,DDD,2013J,resource,,
673728,DDD,2013J,oucontent,,
674129,DDD,2013J,subpage,,
674308,DDD,2013J,resource,,
673993,DDD,2013J,subpage,,
674162,DDD,2013J,subpage,,
674341,DDD,2013J,resource,,
674025,DDD,2013J,subpage,,
674196,DDD,2013J,resource,,
674382,DDD,2013J,url,,
674054,DDD,2013J,subpage,,
674228,DDD,2013J,resource,,
674450,DDD,2013J,url,,
674089,DDD,2013J,subpage,,
674264,DDD,2013J,resource,,
673725,DDD,2013J,oucontent,,
674125,DDD,2013J,subpage,,
674303,DDD,2013J,resource,,
673990,DDD,2013J,subpage,,
674159,DDD,2013J,subpage,,
674338,DDD,2013J,resource,,
674022,DDD,2013J,subpage,,
674193,DDD,2013J,resource,,
674379,DDD,2013J,url,,
674051,DDD,2013J,subpage,,
674225,DDD,2013J,resource,,
674447,DDD,2013J,url,,
674086,DDD,2013J,subpage,,
674259,DDD,2013J,resource,,
673546,DDD,2013J,glossary,,
674122,DDD,2013J,subpage,,
674300,DDD,2013J,resource,,
673987,DDD,2013J,subpage,,
674156,DDD,2013J,subpage,,
674335,DDD,2013J,resource,,
674019,DDD,2013J,subpage,,
674190,DDD,2013J,resource,,
674375,DDD,2013J,url,,
674048,DDD,2013J,subpage,,
674222,DDD,2013J,resource,,
674444,DDD,2013J,url,,
674083,DDD,2013J,subpage,,
674256,DDD,2013J,resource,,
673542,DDD,2013J,forumng,,
674119,DDD,2013J,subpage,,
674291,DDD,2013J,resource,,
674297,DDD,2013J,resource,,
673984,DDD,2013J,subpage,,
674153,DDD,2013J,subpage,,
674332,DDD,2013J,resource,,
674016,DDD,2013J,subpage,,
674186,DDD,2013J,resource,,
674370,DDD,2013J,oucollaborate,,
674045,DDD,2013J,subpage,,
674218,DDD,2013J,resource,,
674441,DDD,2013J,url,,
674079,DDD,2013J,subpage,,
674252,DDD,2013J,resource,,
673539,DDD,2013J,forumng,,
674115,DDD,2013J,subpage,,
674288,DDD,2013J,resource,,
674294,DDD,2013J,resource,,
673981,DDD,2013J,subpage,,
674150,DDD,2013J,subpage,,
674328,DDD,2013J,resource,,
674013,DDD,2013J,subpage,,
674183,DDD,2013J,resource,,
674366,DDD,2013J,oucollaborate,,
674215,DDD,2013J,resource,,
674438,DDD,2013J,url,,
674075,DDD,2013J,subpage,,
674249,DDD,2013J,resource,,
673535,DDD,2013J,forumng,,
674111,DDD,2013J,subpage,,
674285,DDD,2013J,resource,,
673972,DDD,2013J,subpage,,
673978,DDD,2013J,subpage,,
674146,DDD,2013J,subpage,,
674325,DDD,2013J,resource,,
674010,DDD,2013J,subpage,,
674180,DDD,2013J,resource,,
674362,DDD,2013J,resource,,
674042,DDD,2013J,subpage,,
674435,DDD,2013J,url,,
674072,DDD,2013J,subpage,,
674246,DDD,2013J,resource,,
673532,DDD,2013J,forumng,,
674107,DDD,2013J,subpage,,
674282,DDD,2013J,resource,,
673969,DDD,2013J,subpage,,
673975,DDD,2013J,subpage,,
674143,DDD,2013J,subpage,,
674322,DDD,2013J,resource,,
674007,DDD,2013J,subpage,,
674177,DDD,2013J,resource,,
674359,DDD,2013J,resource,,
674039,DDD,2013J,subpage,,
674212,DDD,2013J,resource,,
674432,DDD,2013J,url,,
674069,DDD,2013J,subpage,,
674243,DDD,2013J,resource,,
673528,DDD,2013J,forumng,,
674103,DDD,2013J,subpage,,
674278,DDD,2013J,resource,,
673747,DDD,2013J,ouwiki,,
674140,DDD,2013J,subpage,,
674319,DDD,2013J,resource,,
674004,DDD,2013J,subpage,,
674174,DDD,2013J,resource,,
674356,DDD,2013J,resource,,
674036,DDD,2013J,subpage,,
674208,DDD,2013J,resource,,
674429,DDD,2013J,url,,
674065,DDD,2013J,subpage,,
674240,DDD,2013J,resource,,
673525,DDD,2013J,externalquiz,,
674100,DDD,2013J,subpage,,
674275,DDD,2013J,resource,,
673743,DDD,2013J,ouwiki,,
674137,DDD,2013J,subpage,,
674316,DDD,2013J,resource,,
674001,DDD,2013J,subpage,,
674170,DDD,2013J,resource,,
674352,DDD,2013J,resource,,
674033,DDD,2013J,subpage,,
674205,DDD,2013J,resource,,
674393,DDD,2013J,url,,
674062,DDD,2013J,subpage,,
674237,DDD,2013J,resource,,
673522,DDD,2013J,externalquiz,,
674097,DDD,2013J,subpage,,
674272,DDD,2013J,resource,,
673737,DDD,2013J,oucontent,,
674134,DDD,2013J,subpage,,
674313,DDD,2013J,resource,,
673998,DDD,2013J,subpage,,
674167,DDD,2013J,subpage,,
674347,DDD,2013J,resource,,
674030,DDD,2013J,subpage,,
674202,DDD,2013J,resource,,
674384,DDD,2013J,url,,
674059,DDD,2013J,subpage,,
674234,DDD,2013J,resource,,
673519,DDD,2013J,homepage,,
674459,DDD,2013J,url,,
674094,DDD,2013J,subpage,,
674269,DDD,2013J,resource,,
673730,DDD,2013J,oucontent,,
674131,DDD,2013J,subpage,,
674310,DDD,2013J,resource,,
673995,DDD,2013J,subpage,,
674164,DDD,2013J,subpage,,
674344,DDD,2013J,resource,,
674027,DDD,2013J,subpage,,
674198,DDD,2013J,resource,,
674056,DDD,2013J,subpage,,
674230,DDD,2013J,resource,,
674456,DDD,2013J,url,,
674091,DDD,2013J,subpage,,
674266,DDD,2013J,resource,,
673727,DDD,2013J,oucontent,,
674127,DDD,2013J,subpage,,
674307,DDD,2013J,resource,,
673992,DDD,2013J,subpage,,
674161,DDD,2013J,subpage,,
674340,DDD,2013J,resource,,
674024,DDD,2013J,subpage,,
674195,DDD,2013J,resource,,
674381,DDD,2013J,url,,
674053,DDD,2013J,subpage,,
674227,DDD,2013J,resource,,
674449,DDD,2013J,url,,
674088,DDD,2013J,subpage,,
674263,DDD,2013J,resource,,
673724,DDD,2013J,oucontent,,
674124,DDD,2013J,subpage,,
674302,DDD,2013J,resource,,
673989,DDD,2013J,subpage,,
674158,DDD,2013J,subpage,,
674337,DDD,2013J,resource,,
674021,DDD,2013J,subpage,,
674192,DDD,2013J,resource,,
674378,DDD,2013J,url,,
813953,DDD,2014J,subpage,,
814128,DDD,2014J,resource,,
1016371,DDD,2014J,forumng,,
813986,DDD,2014J,subpage,,
814162,DDD,2014J,resource,,
814018,DDD,2014J,subpage,,
814199,DDD,2014J,resource,,
814058,DDD,2014J,resource,,
814289,DDD,2014J,url,,
814094,DDD,2014J,resource,,
814321,DDD,2014J,url,,
813950,DDD,2014J,subpage,,
814125,DDD,2014J,resource,,
1011355,DDD,2014J,resource,,
813983,DDD,2014J,subpage,,
814159,DDD,2014J,resource,,
814015,DDD,2014J,subpage,,
814195,DDD,2014J,resource,,
814054,DDD,2014J,resource,,
814286,DDD,2014J,url,,
814091,DDD,2014J,resource,,
814318,DDD,2014J,url,,
814122,DDD,2014J,resource,,
1006065,DDD,2014J,resource,,
813980,DDD,2014J,subpage,,
814155,DDD,2014J,resource,,
814012,DDD,2014J,subpage,,
814191,DDD,2014J,resource,,
814051,DDD,2014J,subpage,,
814283,DDD,2014J,url,,
814088,DDD,2014J,resource,,
814315,DDD,2014J,url,,
813947,DDD,2014J,subpage,,
814119,DDD,2014J,resource,,
986521,DDD,2014J,oucollaborate,,
813977,DDD,2014J,subpage,,
814152,DDD,2014J,resource,,
814009,DDD,2014J,subpage,,
814187,DDD,2014J,resource,,
814048,DDD,2014J,subpage,,
814280,DDD,2014J,oucollaborate,,
814084,DDD,2014J,resource,,
814312,DDD,2014J,url,,
813944,DDD,2014J,subpage,,
814116,DDD,2014J,resource,,
967275,DDD,2014J,url,,
813974,DDD,2014J,subpage,,
814149,DDD,2014J,resource,,
814006,DDD,2014J,subpage,,
814184,DDD,2014J,resource,,
814045,DDD,2014J,subpage,,
814222,DDD,2014J,resource,,
814080,DDD,2014J,resource,,
814309,DDD,2014J,url,,
813940,DDD,2014J,oucontent,,
814112,DDD,2014J,resource,,
952513,DDD,2014J,resource,,
813971,DDD,2014J,subpage,,
814146,DDD,2014J,resource,,
814003,DDD,2014J,subpage,,
814181,DDD,2014J,resource,,
814036,DDD,2014J,subpage,,
814042,DDD,2014J,subpage,,
814219,DDD,2014J,resource,,
814077,DDD,2014J,resource,,
814306,DDD,2014J,url,,
813936,DDD,2014J,oucontent,,
814109,DDD,2014J,resource,,
952510,DDD,2014J,resource,,
813967,DDD,2014J,subpage,,
814143,DDD,2014J,resource,,
814000,DDD,2014J,subpage,,
814178,DDD,2014J,resource,,
814033,DDD,2014J,subpage,,
814039,DDD,2014J,subpage,,
814216,DDD,2014J,resource,,
814074,DDD,2014J,resource,,
814303,DDD,2014J,url,,
813932,DDD,2014J,oucontent,,
952507,DDD,2014J,subpage,,
813964,DDD,2014J,subpage,,
814140,DDD,2014J,resource,,
813997,DDD,2014J,subpage,,
814175,DDD,2014J,resource,,
814029,DDD,2014J,subpage,,
814212,DDD,2014J,resource,,
814071,DDD,2014J,resource,,
814300,DDD,2014J,url,,
813711,DDD,2014J,glossary,,
814105,DDD,2014J,resource,,
813961,DDD,2014J,subpage,,
814137,DDD,2014J,resource,,
1072100,DDD,2014J,forumng,,
813994,DDD,2014J,subpage,,
814172,DDD,2014J,resource,,
814026,DDD,2014J,subpage,,
814208,DDD,2014J,resource,,
814067,DDD,2014J,resource,,
814297,DDD,2014J,url,,
813708,DDD,2014J,forumng,,
814102,DDD,2014J,resource,,
924983,DDD,2014J,url,,
813958,DDD,2014J,subpage,,
814134,DDD,2014J,resource,,
1046812,DDD,2014J,glossary,,
813991,DDD,2014J,subpage,,
814169,DDD,2014J,resource,,
814023,DDD,2014J,subpage,,
814204,DDD,2014J,resource,,
814064,DDD,2014J,resource,,
814294,DDD,2014J,url,,
813704,DDD,2014J,externalquiz,,
814099,DDD,2014J,resource,,
924980,DDD,2014J,resource,,
813955,DDD,2014J,subpage,,
814131,DDD,2014J,resource,,
1016377,DDD,2014J,resource,,
813988,DDD,2014J,subpage,,
814166,DDD,2014J,resource,,
814020,DDD,2014J,subpage,,
814201,DDD,2014J,resource,,
814060,DDD,2014J,resource,,
814291,DDD,2014J,url,,
813701,DDD,2014J,homepage,,
814096,DDD,2014J,resource,,
814323,DDD,2014J,url,,
813952,DDD,2014J,subpage,,
814127,DDD,2014J,resource,,
1016370,DDD,2014J,forumng,,
813985,DDD,2014J,subpage,,
814161,DDD,2014J,resource,,
814017,DDD,2014J,subpage,,
814198,DDD,2014J,resource,,
814056,DDD,2014J,resource,,
814288,DDD,2014J,url,,
814093,DDD,2014J,resource,,
814320,DDD,2014J,url,,
813949,DDD,2014J,subpage,,
814124,DDD,2014J,resource,,
1006068,DDD,2014J,oucollaborate,,
813982,DDD,2014J,subpage,,
814158,DDD,2014J,resource,,
814014,DDD,2014J,subpage,,
814193,DDD,2014J,resource,,
814053,DDD,2014J,resource,,
814285,DDD,2014J,url,,
814090,DDD,2014J,resource,,
814317,DDD,2014J,url,,
814121,DDD,2014J,resource,,
1006064,DDD,2014J,externalquiz,,
813979,DDD,2014J,subpage,,
814154,DDD,2014J,resource,,
814011,DDD,2014J,subpage,,
814189,DDD,2014J,resource,,
814050,DDD,2014J,subpage,,
814282,DDD,2014J,url,,
814087,DDD,2014J,resource,,
814314,DDD,2014J,url,,
813946,DDD,2014J,subpage,,
814118,DDD,2014J,resource,,
985360,DDD,2014J,resource,,
813976,DDD,2014J,subpage,,
814151,DDD,2014J,resource,,
814008,DDD,2014J,subpage,,
814186,DDD,2014J,resource,,
814047,DDD,2014J,subpage,,
814279,DDD,2014J,oucollaborate,,
814083,DDD,2014J,resource,,
814311,DDD,2014J,url,,
813943,DDD,2014J,ouwiki,,
814115,DDD,2014J,resource,,
967274,DDD,2014J,url,,
813973,DDD,2014J,subpage,,
814148,DDD,2014J,resource,,
814005,DDD,2014J,subpage,,
814183,DDD,2014J,resource,,
814038,DDD,2014J,subpage,,
814044,DDD,2014J,subpage,,
814221,DDD,2014J,resource,,
814079,DDD,2014J,resource,,
814308,DDD,2014J,url,,
813939,DDD,2014J,oucontent,,
814111,DDD,2014J,resource,,
952512,DDD,2014J,resource,,
813969,DDD,2014J,subpage,,
814145,DDD,2014J,resource,,
814002,DDD,2014J,subpage,,
814180,DDD,2014J,resource,,
814035,DDD,2014J,subpage,,
814041,DDD,2014J,subpage,,
814218,DDD,2014J,resource,,
814076,DDD,2014J,resource,,
814305,DDD,2014J,url,,
813935,DDD,2014J,oucontent,,
952509,DDD,2014J,resource,,
813966,DDD,2014J,subpage,,
814142,DDD,2014J,resource,,
813999,DDD,2014J,subpage,,
814177,DDD,2014J,resource,,
814032,DDD,2014J,subpage,,
814215,DDD,2014J,resource,,
814073,DDD,2014J,resource,,
814302,DDD,2014J,url,,
813931,DDD,2014J,oucontent,,
814107,DDD,2014J,resource,,
936982,DDD,2014J,resource,,
813963,DDD,2014J,subpage,,
814139,DDD,2014J,resource,,
813996,DDD,2014J,subpage,,
814174,DDD,2014J,resource,,
814028,DDD,2014J,subpage,,
814211,DDD,2014J,resource,,
814070,DDD,2014J,resource,,
814299,DDD,2014J,url,,
813710,DDD,2014J,forumng,,
814104,DDD,2014J,resource,,
813960,DDD,2014J,subpage,,
814136,DDD,2014J,resource,,
1072099,DDD,2014J,forumng,,
813993,DDD,2014J,subpage,,
814171,DDD,2014J,resource,,
814025,DDD,2014J,subpage,,
814206,DDD,2014J,resource,,
814066,DDD,2014J,resource,,
814296,DDD,2014J,url,,
813707,DDD,2014J,forumng,,
814101,DDD,2014J,resource,,
924982,DDD,2014J,resource,,
813957,DDD,2014J,subpage,,
814133,DDD,2014J,resource,,
1016387,DDD,2014J,subpage,,
813990,DDD,2014J,subpage,,
814168,DDD,2014J,resource,,
814022,DDD,2014J,subpage,,
814203,DDD,2014J,resource,,
814062,DDD,2014J,resource,,
814293,DDD,2014J,url,,
813703,DDD,2014J,externalquiz,,
814098,DDD,2014J,resource,,
924979,DDD,2014J,oucontent,,
813954,DDD,2014J,subpage,,
814129,DDD,2014J,resource,,
1016372,DDD,2014J,forumng,,
813987,DDD,2014J,subpage,,
814163,DDD,2014J,resource,,
814019,DDD,2014J,subpage,,
814200,DDD,2014J,resource,,
814059,DDD,2014J,resource,,
814290,DDD,2014J,url,,
814095,DDD,2014J,resource,,
814322,DDD,2014J,url,,
813951,DDD,2014J,subpage,,
814126,DDD,2014J,resource,,
1012845,DDD,2014J,forumng,,
813984,DDD,2014J,subpage,,
814160,DDD,2014J,resource,,
814016,DDD,2014J,subpage,,
814196,DDD,2014J,resource,,
814055,DDD,2014J,resource,,
814287,DDD,2014J,url,,
814092,DDD,2014J,resource,,
814319,DDD,2014J,url,,
814123,DDD,2014J,resource,,
1006067,DDD,2014J,subpage,,
813981,DDD,2014J,subpage,,
814157,DDD,2014J,resource,,
814013,DDD,2014J,subpage,,
814192,DDD,2014J,resource,,
814052,DDD,2014J,resource,,
814284,DDD,2014J,url,,
814089,DDD,2014J,resource,,
814316,DDD,2014J,url,,
813948,DDD,2014J,subpage,,
814120,DDD,2014J,resource,,
1004387,DDD,2014J,oucontent,,
813978,DDD,2014J,subpage,,
814153,DDD,2014J,resource,,
814010,DDD,2014J,subpage,,
814188,DDD,2014J,resource,,
814049,DDD,2014J,subpage,,
814281,DDD,2014J,url,,
814086,DDD,2014J,resource,,
814313,DDD,2014J,url,,
813945,DDD,2014J,subpage,,
814117,DDD,2014J,resource,,
981690,DDD,2014J,externalquiz,,
813975,DDD,2014J,subpage,,
814150,DDD,2014J,resource,,
814007,DDD,2014J,subpage,,
814185,DDD,2014J,resource,,
814046,DDD,2014J,subpage,,
814278,DDD,2014J,oucollaborate,,
814082,DDD,2014J,resource,,
814310,DDD,2014J,url,,
813941,DDD,2014J,oucontent,,
814114,DDD,2014J,resource,,
967273,DDD,2014J,subpage,,
813972,DDD,2014J,subpage,,
814147,DDD,2014J,resource,,
814004,DDD,2014J,subpage,,
814182,DDD,2014J,resource,,
814037,DDD,2014J,subpage,,
814043,DDD,2014J,subpage,,
814220,DDD,2014J,resource,,
814078,DDD,2014J,resource,,
814307,DDD,2014J,url,,
813937,DDD,2014J,oucontent,,
814110,DDD,2014J,resource,,
952511,DDD,2014J,resource,,
813968,DDD,2014J,subpage,,
814144,DDD,2014J,resource,,
814001,DDD,2014J,subpage,,
814179,DDD,2014J,resource,,
814034,DDD,2014J,subpage,,
814040,DDD,2014J,subpage,,
814217,DDD,2014J,resource,,
814075,DDD,2014J,resource,,
814304,DDD,2014J,url,,
813933,DDD,2014J,oucontent,0,0
952508,DDD,2014J,resource,,
813965,DDD,2014J,subpage,,
814141,DDD,2014J,resource,,
813998,DDD,2014J,subpage,,
814176,DDD,2014J,resource,,
814030,DDD,2014J,subpage,,
814213,DDD,2014J,resource,,
814072,DDD,2014J,resource,,
814301,DDD,2014J,url,,
813929,DDD,2014J,oucontent,,
814106,DDD,2014J,resource,,
936981,DDD,2014J,oucontent,,
813962,DDD,2014J,subpage,,
814138,DDD,2014J,resource,,
813995,DDD,2014J,subpage,,
814173,DDD,2014J,resource,,
814027,DDD,2014J,subpage,,
814210,DDD,2014J,resource,,
814069,DDD,2014J,resource,,
814298,DDD,2014J,url,,
813709,DDD,2014J,forumng,,
814103,DDD,2014J,resource,,
813959,DDD,2014J,subpage,,
814135,DDD,2014J,resource,,
1072098,DDD,2014J,forumng,,
813992,DDD,2014J,subpage,,
814170,DDD,2014J,resource,,
814024,DDD,2014J,subpage,,
814205,DDD,2014J,resource,,
814065,DDD,2014J,resource,,
814295,DDD,2014J,url,,
813706,DDD,2014J,forumng,,
814100,DDD,2014J,resource,,
924981,DDD,2014J,resource,,
813956,DDD,2014J,subpage,,
814132,DDD,2014J,resource,,
1016378,DDD,2014J,resource,,
813989,DDD,2014J,subpage,,
814167,DDD,2014J,resource,,
814021,DDD,2014J,subpage,,
814202,DDD,2014J,resource,,
814061,DDD,2014J,resource,,
814292,DDD,2014J,url,,
813702,DDD,2014J,externalquiz,,
814097,DDD,2014J,resource,,
924967,DDD,2014J,forumng,,
551055,EEE,2013J,oucontent,,
551126,EEE,2013J,resource,,
551171,EEE,2013J,subpage,,
551015,EEE,2013J,forumng,,
551052,EEE,2013J,oucontent,22,22
551123,EEE,2013J,resource,,
551168,EEE,2013J,subpage,,
551012,EEE,2013J,forumng,,
551049,EEE,2013J,oucontent,,
551120,EEE,2013J,resource,,
551163,EEE,2013J,url,,
551078,EEE,2013J,quiz,,
551160,EEE,2013J,url,,
551046,EEE,2013J,oucontent,,
551075,EEE,2013J,page,,
551148,EEE,2013J,resource,,
551155,EEE,2013J,resource,,
551043,EEE,2013J,oucontent,25,25
551072,EEE,2013J,ouwiki,,
551144,EEE,2013J,resource,,
551151,EEE,2013J,resource,,
551039,EEE,2013J,oucontent,19,19
551069,EEE,2013J,oucontent,,
551141,EEE,2013J,resource,,
551036,EEE,2013J,oucontent,,
551066,EEE,2013J,oucontent,2,2
551137,EEE,2013J,resource,,
551032,EEE,2013J,oucontent,13,13
551063,EEE,2013J,oucontent,,
551134,EEE,2013J,resource,,
551028,EEE,2013J,oucontent,26,26
551060,EEE,2013J,oucontent,10,10
551131,EEE,2013J,resource,,
551024,EEE,2013J,oucontent,7,7
551057,EEE,2013J,oucontent,,
551128,EEE,2013J,resource,,
551173,EEE,2013J,subpage,,
551020,EEE,2013J,oucontent,,
551054,EEE,2013J,oucontent,,
551125,EEE,2013J,resource,,
551170,EEE,2013J,subpage,,
551014,EEE,2013J,forumng,,
551051,EEE,2013J,oucontent,,
551122,EEE,2013J,resource,,
551167,EEE,2013J,subpage,,
551011,EEE,2013J,forumng,,
551048,EEE,2013J,oucontent,3,3
551119,EEE,2013J,resource,,
551162,EEE,2013J,url,,
551077,EEE,2013J,page,,
551159,EEE,2013J,url,,
551045,EEE,2013J,oucontent,6,6
551074,EEE,2013J,page,,
551147,EEE,2013J,resource,,
551154,EEE,2013J,resource,,
551041,EEE,2013J,oucontent,18,18
551071,EEE,2013J,oucontent,,
551143,EEE,2013J,resource,,
551150,EEE,2013J,resource,,
551038,EEE,2013J,oucontent,17,17
551068,EEE,2013J,oucontent,14,14
551140,EEE,2013J,resource,,
551035,EEE,2013J,oucontent,23,23
551065,EEE,2013J,oucontent,1,1
551136,EEE,2013J,resource,,
551031,EEE,2013J,oucontent,12,12
551062,EEE,2013J,oucontent,27,27
551133,EEE,2013J,resource,,
551027,EEE,2013J,oucontent,9,9
551059,EEE,2013J,oucontent,,
551130,EEE,2013J,resource,,
551177,EEE,2013J,dualpane,,
551023,EEE,2013J,oucontent,,
551056,EEE,2013J,oucontent,15,15
551127,EEE,2013J,resource,,
551172,EEE,2013J,subpage,,
551019,EEE,2013J,oucontent,,
551053,EEE,2013J,oucontent,1,1
551124,EEE,2013J,resource,,
551169,EEE,2013J,subpage,,
551013,EEE,2013J,forumng,,
551050,EEE,2013J,oucontent,5,5
551121,EEE,2013J,resource,,
551166,EEE,2013J,url,,
551010,EEE,2013J,homepage,,
551079,EEE,2013J,quiz,,
551161,EEE,2013J,url,,
551047,EEE,2013J,oucontent,,
551076,EEE,2013J,page,,
551149,EEE,2013J,resource,,
551158,EEE,2013J,url,,
551044,EEE,2013J,oucontent,,
551073,EEE,2013J,ouwiki,,
551145,EEE,2013J,resource,,
551152,EEE,2013J,resource,,
551040,EEE,2013J,oucontent,,
551070,EEE,2013J,oucontent,11,11
551142,EEE,2013J,resource,,
551037,EEE,2013J,oucontent,24,24
551067,EEE,2013J,oucontent,4,4
551139,EEE,2013J,resource,,
551033,EEE,2013J,oucontent,,
551064,EEE,2013J,oucontent,,
551135,EEE,2013J,resource,,
551029,EEE,2013J,oucontent,,
551061,EEE,2013J,oucontent,8,8
551132,EEE,2013J,resource,,
551026,EEE,2013J,oucontent,,
551058,EEE,2013J,oucontent,,
551129,EEE,2013J,resource,,
551175,EEE,2013J,oucollaborate,,
551021,EEE,2013J,oucontent,20,20
832664,EEE,2014J,oucontent,8,8
832716,EEE,2014J,resource,,
832754,EEE,2014J,resource,,
832661,EEE,2014J,oucontent,5,5
832712,EEE,2014J,quiz,,
832751,EEE,2014J,resource,,
832658,EEE,2014J,oucontent,2,2
832708,EEE,2014J,page,,
832748,EEE,2014J,resource,,
1077905,EEE,2014J,url,,
832655,EEE,2014J,oucontent,,
832701,EEE,2014J,oucontent,23,23
832745,EEE,2014J,resource,,
1071060,EEE,2014J,forumng,,
832649,EEE,2014J,oucontent,,
832694,EEE,2014J,oucontent,21,21
832742,EEE,2014J,resource,,
973720,EEE,2014J,ouwiki,,
832642,EEE,2014J,oucontent,,
832687,EEE,2014J,oucontent,,
832739,EEE,2014J,resource,,
832783,EEE,2014J,url,,
832638,EEE,2014J,oucontent,25,25
832680,EEE,2014J,oucontent,18,18
832736,EEE,2014J,resource,,
832780,EEE,2014J,url,,
832568,EEE,2014J,forumng,,
832675,EEE,2014J,oucontent,,
832733,EEE,2014J,resource,,
832776,EEE,2014J,oucollaborate,,
832565,EEE,2014J,homepage,,
832672,EEE,2014J,oucontent,13,13
832730,EEE,2014J,resource,,
832763,EEE,2014J,subpage,,
832669,EEE,2014J,oucontent,,
832727,EEE,2014J,resource,,
832760,EEE,2014J,subpage,,
832666,EEE,2014J,oucontent,9,9
832718,EEE,2014J,resource,,
832756,EEE,2014J,resource,,
832663,EEE,2014J,oucontent,10,10
832715,EEE,2014J,resource,,
832753,EEE,2014J,resource,,
832660,EEE,2014J,oucontent,4,4
832711,EEE,2014J,page,,
832750,EEE,2014J,resource,,
832657,EEE,2014J,oucontent,1,1
832706,EEE,2014J,ouwiki,,
832747,EEE,2014J,resource,,
1076553,EEE,2014J,oucontent,,
832654,EEE,2014J,oucontent,1,1
832700,EEE,2014J,oucontent,27,27
832744,EEE,2014J,resource,,
988994,EEE,2014J,oucollaborate,,
832644,EEE,2014J,oucontent,,
832692,EEE,2014J,oucontent,,
832741,EEE,2014J,resource,,
973719,EEE,2014J,ouwiki,,
832641,EEE,2014J,oucontent,,
832685,EEE,2014J,oucontent,,
832738,EEE,2014J,resource,,
832782,EEE,2014J,url,,
832637,EEE,2014J,oucontent,24,24
832679,EEE,2014J,oucontent,15,15
832735,EEE,2014J,resource,,
832779,EEE,2014J,url,,
832567,EEE,2014J,forumng,,
832674,EEE,2014J,oucontent,,
832732,EEE,2014J,resource,,
832775,EEE,2014J,oucollaborate,,
832671,EEE,2014J,oucontent,12,12
832729,EEE,2014J,resource,,
832762,EEE,2014J,subpage,,
832668,EEE,2014J,oucontent,1,1
832726,EEE,2014J,resource,,
832758,EEE,2014J,subpage,,
832665,EEE,2014J,oucontent,7,7
832717,EEE,2014J,resource,,
832755,EEE,2014J,resource,,
832662,EEE,2014J,oucontent,6,6
832713,EEE,2014J,quiz,,
832752,EEE,2014J,resource,,
832659,EEE,2014J,oucontent,3,3
832709,EEE,2014J,page,,
832749,EEE,2014J,resource,,
832656,EEE,2014J,oucontent,,
832704,EEE,2014J,oucontent,26,26
832746,EEE,2014J,resource,,
1073191,EEE,2014J,resource,,
832651,EEE,2014J,oucontent,,
832695,EEE,2014J,oucontent,19,19
832743,EEE,2014J,resource,,
988993,EEE,2014J,oucollaborate,,
832643,EEE,2014J,oucontent,,
832691,EEE,2014J,oucontent,,
832740,EEE,2014J,resource,,
832784,EEE,2014J,dualpane,,
832639,EEE,2014J,oucontent,,
832682,EEE,2014J,oucontent,20,20
832737,EEE,2014J,resource,,
832781,EEE,2014J,url,,
832569,EEE,2014J,forumng,,
832676,EEE,2014J,oucontent,,
832734,EEE,2014J,resource,,
832777,EEE,2014J,url,,
832566,EEE,2014J,forumng,,
832673,EEE,2014J,oucontent,16,16
832731,EEE,2014J,resource,,
832764,EEE,2014J,subpage,,
832670,EEE,2014J,oucontent,11,11
832728,EEE,2014J,resource,,
832761,EEE,2014J,subpage,,
832667,EEE,2014J,oucontent,28,28
832725,EEE,2014J,resource,,
832757,EEE,2014J,subpage,,
716742,FFF,2013J,resource,,
716914,FFF,2013J,url,18,18
716385,FFF,2013J,ouwiki,19,19
716776,FFF,2013J,resource,,
716245,FFF,2013J,oucontent,,
716946,FFF,2013J,url,26,26
716251,FFF,2013J,oucontent,,
716638,FFF,2013J,subpage,,
716817,FFF,2013J,resource,,
716980,FFF,2013J,oucollaborate,,
716284,FFF,2013J,oucontent,9,9
716670,FFF,2013J,subpage,25,25
716849,FFF,2013J,url,23,23
716317,FFF,2013J,oucontent,,
716705,FFF,2013J,resource,,
716882,FFF,2013J,url,3,3
716350,FFF,2013J,page,29,29
716911,FFF,2013J,url,18,18
716380,FFF,2013J,ouwiki,,
716772,FFF,2013J,resource,,
716242,FFF,2013J,oucontent,16,16
716943,FFF,2013J,url,25,25
716248,FFF,2013J,oucontent,6,6
716635,FFF,2013J,subpage,7,7
716814,FFF,2013J,resource,18,18
716977,FFF,2013J,oucollaborate,,
716281,FFF,2013J,oucontent,8,8
716667,FFF,2013J,subpage,,
716846,FFF,2013J,url,,
716313,FFF,2013J,oucontent,28,28
716701,FFF,2013J,resource,,
716879,FFF,2013J,url,1,1
716347,FFF,2013J,oucontent,15,15
716738,FFF,2013J,resource,,
716908,FFF,2013J,url,18,18
716377,FFF,2013J,ouwiki,,
716769,FFF,2013J,resource,,
716239,FFF,2013J,oucontent,1,1
716940,FFF,2013J,url,23,23
716453,FFF,2013J,questionnaire,24,24
716811,FFF,2013J,resource,18,18
716974,FFF,2013J,oucollaborate,,
716278,FFF,2013J,oucontent,15,15
716664,FFF,2013J,subpage,23,23
716843,FFF,2013J,url,27,27
716310,FFF,2013J,oucontent,28,28
716698,FFF,2013J,resource,,
716876,FFF,2013J,url,1,1
716344,FFF,2013J,oucontent,9,9
716735,FFF,2013J,resource,,
716905,FFF,2013J,url,18,18
716373,FFF,2013J,page,,
716766,FFF,2013J,resource,27,27
716223,FFF,2013J,forumng,,
716937,FFF,2013J,url,23,23
716450,FFF,2013J,questionnaire,20,20
716808,FFF,2013J,resource,,
716971,FFF,2013J,url,,
716275,FFF,2013J,oucontent,1,1
716661,FFF,2013J,subpage,28,28
716840,FFF,2013J,url,21,21
716307,FFF,2013J,oucontent,25,25
716695,FFF,2013J,resource,,
716873,FFF,2013J,url,,
716341,FFF,2013J,oucontent,9,9
716732,FFF,2013J,resource,,
716902,FFF,2013J,url,18,18
716370,FFF,2013J,page,29,29
716762,FFF,2013J,resource,,
716220,FFF,2013J,forumng,,
716934,FFF,2013J,url,22,22
716447,FFF,2013J,questionnaire,19,19
716805,FFF,2013J,resource,,
716968,FFF,2013J,url,,
716272,FFF,2013J,oucontent,,
716658,FFF,2013J,subpage,21,21
716837,FFF,2013J,resource,,
717017,FFF,2013J,dataplus,20,20
716304,FFF,2013J,oucontent,,
716692,FFF,2013J,resource,,
716870,FFF,2013J,url,,
716338,FFF,2013J,oucontent,6,6
716728,FFF,2013J,resource,27,27
716899,FFF,2013J,url,18,18
716367,FFF,2013J,page,29,29
716759,FFF,2013J,resource,,
716216,FFF,2013J,forumng,,
716931,FFF,2013J,url,22,22
716444,FFF,2013J,questionnaire,5,5
716802,FFF,2013J,resource,,
716963,FFF,2013J,url,28,28
716269,FFF,2013J,oucontent,22,22
716655,FFF,2013J,subpage,5,5
716834,FFF,2013J,resource,,
717014,FFF,2013J,dataplus,,
716301,FFF,2013J,oucontent,8,8
716688,FFF,2013J,subpage,,
716867,FFF,2013J,url,,
716335,FFF,2013J,oucontent,10,10
716725,FFF,2013J,resource,,
716364,FFF,2013J,page,27,27
716756,FFF,2013J,resource,,
716928,FFF,2013J,url,21,21
716441,FFF,2013J,quiz,,
716796,FFF,2013J,resource,,
716960,FFF,2013J,url,28,28
716266,FFF,2013J,oucontent,6,6
716652,FFF,2013J,subpage,3,3
716831,FFF,2013J,resource,,
716994,FFF,2013J,dualpane,,
716298,FFF,2013J,oucontent,16,16
716685,FFF,2013J,subpage,,
716864,FFF,2013J,url,,
716332,FFF,2013J,oucontent,28,28
716722,FFF,2013J,resource,,
716896,FFF,2013J,url,14,14
716361,FFF,2013J,page,12,12
716753,FFF,2013J,resource,,
716925,FFF,2013J,url,21,21
716438,FFF,2013J,quiz,10,10
716793,FFF,2013J,resource,,
716957,FFF,2013J,url,27,27
716262,FFF,2013J,oucontent,29,29
716649,FFF,2013J,subpage,1,1
716828,FFF,2013J,resource,,
716991,FFF,2013J,dualpane,,
716295,FFF,2013J,oucontent,11,11
716682,FFF,2013J,subpage,,
716861,FFF,2013J,url,,
716328,FFF,2013J,oucontent,9,9
716719,FFF,2013J,resource,,
716893,FFF,2013J,url,14,14
716358,FFF,2013J,page,1,1
716750,FFF,2013J,resource,,
716922,FFF,2013J,url,21,21
716435,FFF,2013J,quiz,,
716790,FFF,2013J,resource,,
716954,FFF,2013J,url,27,27
716259,FFF,2013J,oucontent,24,24
716646,FFF,2013J,subpage,11,11
716825,FFF,2013J,resource,,
716988,FFF,2013J,oucollaborate,,
716292,FFF,2013J,oucontent,11,11
716679,FFF,2013J,subpage,,
716858,FFF,2013J,url,18,18
716325,FFF,2013J,oucontent,3,3
716715,FFF,2013J,resource,,
716890,FFF,2013J,url,12,12
716355,FFF,2013J,page,,
716747,FFF,2013J,resource,,
716919,FFF,2013J,url,20,20
716432,FFF,2013J,quiz,,
716781,FFF,2013J,resource,,
716787,FFF,2013J,resource,,
716951,FFF,2013J,url,27,27
716256,FFF,2013J,oucontent,20,20
716643,FFF,2013J,subpage,,
716822,FFF,2013J,resource,,
716985,FFF,2013J,oucollaborate,,
716289,FFF,2013J,oucontent,10,10
716675,FFF,2013J,subpage,,
716854,FFF,2013J,url,18,18
716322,FFF,2013J,oucontent,5,5
716711,FFF,2013J,resource,,
716887,FFF,2013J,url,10,10
716744,FFF,2013J,resource,,
716916,FFF,2013J,url,20,20
716420,FFF,2013J,repeatactivity,8,8
716778,FFF,2013J,resource,,
716784,FFF,2013J,resource,,
716948,FFF,2013J,url,26,26
716253,FFF,2013J,oucontent,12,12
716640,FFF,2013J,subpage,,
716819,FFF,2013J,resource,,
716982,FFF,2013J,oucollaborate,,
716286,FFF,2013J,oucontent,9,9
716672,FFF,2013J,subpage,,
716851,FFF,2013J,url,,
716319,FFF,2013J,oucontent,16,16
716707,FFF,2013J,resource,,
716884,FFF,2013J,url,3,3
716352,FFF,2013J,page,,
716741,FFF,2013J,resource,,
716913,FFF,2013J,url,18,18
716384,FFF,2013J,ouwiki,,
716775,FFF,2013J,resource,,
716244,FFF,2013J,oucontent,25,25
716945,FFF,2013J,url,25,25
716250,FFF,2013J,oucontent,11,11
716637,FFF,2013J,subpage,15,15
716816,FFF,2013J,resource,,
716979,FFF,2013J,oucollaborate,,
716283,FFF,2013J,oucontent,8,8
716669,FFF,2013J,subpage,18,18
716848,FFF,2013J,url,24,24
716315,FFF,2013J,oucontent,15,15
716704,FFF,2013J,resource,,
716881,FFF,2013J,url,2,2
716349,FFF,2013J,page,,
716910,FFF,2013J,url,18,18
716379,FFF,2013J,ouwiki,,
716771,FFF,2013J,resource,,
716241,FFF,2013J,oucontent,16,16
716942,FFF,2013J,url,24,24
716247,FFF,2013J,oucontent,,
716455,FFF,2013J,questionnaire,27,27
716813,FFF,2013J,resource,18,18
716976,FFF,2013J,oucollaborate,,
716280,FFF,2013J,oucontent,8,8
716666,FFF,2013J,subpage,,
716845,FFF,2013J,url,20,20
716312,FFF,2013J,oucontent,28,28
716700,FFF,2013J,resource,,
716878,FFF,2013J,url,1,1
716346,FFF,2013J,oucontent,,
716737,FFF,2013J,resource,,
716907,FFF,2013J,url,18,18
716376,FFF,2013J,ouwiki,25,25
716768,FFF,2013J,resource,,
716238,FFF,2013J,homepage,,
716939,FFF,2013J,url,23,23
716452,FFF,2013J,questionnaire,24,24
716810,FFF,2013J,resource,18,18
716973,FFF,2013J,url,,
716277,FFF,2013J,oucontent,2,2
716663,FFF,2013J,subpage,,
716842,FFF,2013J,url,22,22
716309,FFF,2013J,oucontent,26,26
716697,FFF,2013J,resource,,
716875,FFF,2013J,url,1,1
716343,FFF,2013J,oucontent,8,8
716734,FFF,2013J,resource,,
716904,FFF,2013J,url,18,18
716372,FFF,2013J,page,29,29
716765,FFF,2013J,resource,,
716222,FFF,2013J,forumng,,
716936,FFF,2013J,url,23,23
716449,FFF,2013J,questionnaire,20,20
716807,FFF,2013J,resource,,
716970,FFF,2013J,url,,
716274,FFF,2013J,oucontent,15,15
716660,FFF,2013J,subpage,,
716839,FFF,2013J,url,21,21
716306,FFF,2013J,oucontent,25,25
716694,FFF,2013J,resource,,
716872,FFF,2013J,url,13,13
716340,FFF,2013J,oucontent,28,28
716730,FFF,2013J,resource,,
716901,FFF,2013J,url,18,18
716369,FFF,2013J,page,29,29
716761,FFF,2013J,resource,,
716219,FFF,2013J,forumng,,
716933,FFF,2013J,url,22,22
716446,FFF,2013J,questionnaire,5,5
716804,FFF,2013J,resource,,
716967,FFF,2013J,url,,
716271,FFF,2013J,oucontent,,
716657,FFF,2013J,subpage,14,14
716836,FFF,2013J,resource,,
717016,FFF,2013J,dataplus,,
716303,FFF,2013J,oucontent,22,22
716690,FFF,2013J,subpage,,
716869,FFF,2013J,url,,
716337,FFF,2013J,oucontent,9,9
716727,FFF,2013J,resource,28,28
716366,FFF,2013J,page,29,29
716758,FFF,2013J,resource,,
716215,FFF,2013J,glossary,,
716930,FFF,2013J,url,22,22
716443,FFF,2013J,questionnaire,19,19
716800,FFF,2013J,resource,,
716962,FFF,2013J,url,28,28
716268,FFF,2013J,oucontent,,
716654,FFF,2013J,subpage,13,13
716833,FFF,2013J,resource,,
717013,FFF,2013J,dataplus,,
716300,FFF,2013J,oucontent,8,8
716687,FFF,2013J,subpage,,
716866,FFF,2013J,url,,
716334,FFF,2013J,oucontent,19,19
716724,FFF,2013J,resource,,
716898,FFF,2013J,url,16,16
716363,FFF,2013J,page,27,27
716755,FFF,2013J,resource,,
716927,FFF,2013J,url,21,21
716440,FFF,2013J,quiz,,
716795,FFF,2013J,resource,,
716959,FFF,2013J,url,28,28
716265,FFF,2013J,oucontent,26,26
716651,FFF,2013J,subpage,18,18
716830,FFF,2013J,resource,,
716993,FFF,2013J,dualpane,,
716297,FFF,2013J,oucontent,16,16
716684,FFF,2013J,subpage,,
716863,FFF,2013J,url,,
716330,FFF,2013J,oucontent,11,11
716721,FFF,2013J,resource,,
716895,FFF,2013J,url,14,14
716360,FFF,2013J,page,12,12
716752,FFF,2013J,resource,,
716924,FFF,2013J,url,21,21
716437,FFF,2013J,quiz,10,10
716792,FFF,2013J,resource,,
716956,FFF,2013J,url,27,27
716261,FFF,2013J,oucontent,,
716648,FFF,2013J,subpage,12,12
716827,FFF,2013J,resource,,
716990,FFF,2013J,dualpane,7,7
716294,FFF,2013J,oucontent,13,13
716681,FFF,2013J,subpage,29,29
716860,FFF,2013J,url,,
716327,FFF,2013J,oucontent,13,13
716717,FFF,2013J,resource,,
716892,FFF,2013J,url,13,13
716357,FFF,2013J,page,,
716749,FFF,2013J,resource,4,4
716921,FFF,2013J,url,21,21
716434,FFF,2013J,quiz,,
716783,FFF,2013J,resource,,
716789,FFF,2013J,resource,,
716953,FFF,2013J,url,27,27
716258,FFF,2013J,oucontent,23,23
716645,FFF,2013J,subpage,,
716824,FFF,2013J,resource,,
716987,FFF,2013J,oucollaborate,,
716291,FFF,2013J,oucontent,11,11
716678,FFF,2013J,subpage,,
716856,FFF,2013J,url,,
716324,FFF,2013J,oucontent,,
716714,FFF,2013J,resource,,
716889,FFF,2013J,url,11,11
716354,FFF,2013J,page,,
716746,FFF,2013J,resource,21,21
716918,FFF,2013J,url,20,20
716431,FFF,2013J,quiz,,
716780,FFF,2013J,resource,,
716786,FFF,2013J,resource,13,13
716950,FFF,2013J,url,27,27
716255,FFF,2013J,oucontent,28,28
716642,FFF,2013J,subpage,16,16
716821,FFF,2013J,resource,,
716984,FFF,2013J,oucollaborate,,
716288,FFF,2013J,oucontent,11,11
716674,FFF,2013J,subpage,,
716853,FFF,2013J,url,15,15
716321,FFF,2013J,oucontent,6,6
716709,FFF,2013J,resource,,
716886,FFF,2013J,url,10,10
716743,FFF,2013J,resource,,
716915,FFF,2013J,url,20,20
716409,FFF,2013J,repeatactivity,6,6
716777,FFF,2013J,resource,,
716246,FFF,2013J,oucontent,,
716947,FFF,2013J,url,26,26
716252,FFF,2013J,oucontent,7,7
716639,FFF,2013J,subpage,9,9
716818,FFF,2013J,resource,,
716981,FFF,2013J,oucollaborate,,
716285,FFF,2013J,oucontent,9,9
716671,FFF,2013J,subpage,,
716850,FFF,2013J,url,21,21
716318,FFF,2013J,oucontent,,
716706,FFF,2013J,resource,,
716883,FFF,2013J,url,3,3
716351,FFF,2013J,page,,
716912,FFF,2013J,url,18,18
716383,FFF,2013J,ouwiki,,
716773,FFF,2013J,resource,,
716243,FFF,2013J,oucontent,26,26
716944,FFF,2013J,url,25,25
716249,FFF,2013J,oucontent,29,29
716636,FFF,2013J,subpage,8,8
716815,FFF,2013J,resource,,
716978,FFF,2013J,oucollaborate,,
716282,FFF,2013J,oucontent,8,8
716668,FFF,2013J,subpage,27,27
716847,FFF,2013J,url,27,27
716314,FFF,2013J,oucontent,28,28
716703,FFF,2013J,resource,,
716880,FFF,2013J,url,2,2
716348,FFF,2013J,oucontent,,
716740,FFF,2013J,resource,,
716909,FFF,2013J,url,18,18
716378,FFF,2013J,ouwiki,,
716770,FFF,2013J,resource,,
716240,FFF,2013J,oucontent,1,1
716941,FFF,2013J,url,23,23
716454,FFF,2013J,questionnaire,24,24
716812,FFF,2013J,resource,18,18
716975,FFF,2013J,oucollaborate,,
716279,FFF,2013J,oucontent,,
716665,FFF,2013J,subpage,24,24
716844,FFF,2013J,url,9,9
716311,FFF,2013J,oucontent,1,1
716699,FFF,2013J,resource,,
716877,FFF,2013J,url,1,1
716345,FFF,2013J,oucontent,15,15
716736,FFF,2013J,resource,,
716906,FFF,2013J,url,18,18
716375,FFF,2013J,page,,
716767,FFF,2013J,resource,11,11
716237,FFF,2013J,folder,,
716938,FFF,2013J,url,23,23
716451,FFF,2013J,questionnaire,23,23
716809,FFF,2013J,resource,18,18
716972,FFF,2013J,url,,
716276,FFF,2013J,oucontent,2,2
716662,FFF,2013J,subpage,,
716841,FFF,2013J,url,10,10
716308,FFF,2013J,oucontent,26,26
716696,FFF,2013J,resource,,
716874,FFF,2013J,url,1,1
716342,FFF,2013J,oucontent,,
716733,FFF,2013J,resource,,
716903,FFF,2013J,url,18,18
716371,FFF,2013J,page,29,29
716763,FFF,2013J,resource,13,13
716221,FFF,2013J,forumng,,
716935,FFF,2013J,url,23,23
716448,FFF,2013J,questionnaire,19,19
716806,FFF,2013J,resource,,
716969,FFF,2013J,url,,
716273,FFF,2013J,oucontent,15,15
716659,FFF,2013J,subpage,19,19
716838,FFF,2013J,resource,,
716305,FFF,2013J,oucontent,6,6
716693,FFF,2013J,resource,,
716871,FFF,2013J,url,,
716339,FFF,2013J,oucontent,27,27
716729,FFF,2013J,resource,,
716900,FFF,2013J,url,18,18
716368,FFF,2013J,page,29,29
716760,FFF,2013J,resource,,
716217,FFF,2013J,forumng,,
716932,FFF,2013J,url,22,22
716445,FFF,2013J,questionnaire,5,5
716803,FFF,2013J,resource,,
716966,FFF,2013J,url,,
716270,FFF,2013J,oucontent,,
716656,FFF,2013J,subpage,6,6
716835,FFF,2013J,resource,,
717015,FFF,2013J,dataplus,,
716302,FFF,2013J,oucontent,21,21
716689,FFF,2013J,subpage,,
716868,FFF,2013J,url,,
716336,FFF,2013J,oucontent,11,11
716726,FFF,2013J,resource,,
716365,FFF,2013J,page,27,27
716757,FFF,2013J,resource,,
716929,FFF,2013J,url,22,22
716442,FFF,2013J,questionnaire,27,27
716798,FFF,2013J,resource,,
716961,FFF,2013J,url,28,28
716267,FFF,2013J,oucontent,28,28
716653,FFF,2013J,subpage,4,4
716832,FFF,2013J,resource,,
716995,FFF,2013J,dualpane,5,5
716299,FFF,2013J,oucontent,9,9
716686,FFF,2013J,subpage,,
716865,FFF,2013J,url,,
716333,FFF,2013J,oucontent,10,10
716723,FFF,2013J,resource,,
716897,FFF,2013J,url,18,18
716362,FFF,2013J,page,19,19
716754,FFF,2013J,resource,15,15
716926,FFF,2013J,url,21,21
716439,FFF,2013J,quiz,10,10
716794,FFF,2013J,resource,,
716958,FFF,2013J,url,28,28
716263,FFF,2013J,oucontent,,
716650,FFF,2013J,subpage,2,2
716829,FFF,2013J,resource,,
716992,FFF,2013J,dualpane,9,9
716296,FFF,2013J,oucontent,15,15
716683,FFF,2013J,subpage,,
716862,FFF,2013J,url,,
716329,FFF,2013J,oucontent,11,11
716720,FFF,2013J,resource,,
716894,FFF,2013J,url,14,14
716359,FFF,2013J,page,12,12
716751,FFF,2013J,resource,,
716923,FFF,2013J,url,21,21
716436,FFF,2013J,quiz,10,10
716791,FFF,2013J,resource,,
716955,FFF,2013J,url,27,27
716260,FFF,2013J,oucontent,27,27
716647,FFF,2013J,subpage,,
716826,FFF,2013J,resource,,
716989,FFF,2013J,oucollaborate,,
716293,FFF,2013J,oucontent,11,11
716680,FFF,2013J,subpage,,
716859,FFF,2013J,url,,
716326,FFF,2013J,oucontent,15,15
716716,FFF,2013J,resource,,
716891,FFF,2013J,url,12,12
716356,FFF,2013J,page,,
716748,FFF,2013J,resource,4,4
716920,FFF,2013J,url,21,21
716433,FFF,2013J,quiz,,
716782,FFF,2013J,resource,,
716788,FFF,2013J,resource,,
716952,FFF,2013J,url,27,27
716257,FFF,2013J,oucontent,21,21
716644,FFF,2013J,subpage,10,10
716823,FFF,2013J,resource,,
716986,FFF,2013J,oucollaborate,,
716290,FFF,2013J,oucontent,11,11
716676,FFF,2013J,subpage,22,22
716855,FFF,2013J,url,20,20
716323,FFF,2013J,oucontent,,
716712,FFF,2013J,resource,,
716888,FFF,2013J,url,11,11
716745,FFF,2013J,resource,,
716917,FFF,2013J,url,20,20
716423,FFF,2013J,repeatactivity,7,7
716779,FFF,2013J,resource,,
716785,FFF,2013J,resource,,
716949,FFF,2013J,url,26,26
716254,FFF,2013J,oucontent,18,18
716641,FFF,2013J,subpage,20,20
716820,FFF,2013J,resource,,
716983,FFF,2013J,oucollaborate,,
716287,FFF,2013J,oucontent,9,9
716673,FFF,2013J,subpage,26,26
716852,FFF,2013J,url,23,23
716320,FFF,2013J,oucontent,14,14
716708,FFF,2013J,resource,,
716885,FFF,2013J,url,9,9
716353,FFF,2013J,page,,
883082,FFF,2014J,subpage,,
883294,FFF,2014J,url,,
882713,FFF,2014J,questionnaire,19,19
883163,FFF,2014J,url,14,14
882561,FFF,2014J,oucontent,9,9
882932,FFF,2014J,resource,,
883195,FFF,2014J,url,18,18
882597,FFF,2014J,oucontent,29,29
882985,FFF,2014J,resource,,
883228,FFF,2014J,url,23,23
882635,FFF,2014J,oucontent,27,27
883048,FFF,2014J,subpage,14,14
883261,FFF,2014J,url,9,9
882670,FFF,2014J,oucontent,2,2
883079,FFF,2014J,subpage,18,18
883291,FFF,2014J,url,,
882710,FFF,2014J,page,,
883160,FFF,2014J,oucollaborate,,
882558,FFF,2014J,ouwiki,,
882925,FFF,2014J,resource,,
883192,FFF,2014J,url,3,3
882594,FFF,2014J,oucontent,29,29
882982,FFF,2014J,resource,,
883224,FFF,2014J,url,22,22
882632,FFF,2014J,oucontent,9,9
883045,FFF,2014J,subpage,9,9
883257,FFF,2014J,url,28,28
882667,FFF,2014J,oucontent,11,11
883075,FFF,2014J,subpage,,
883288,FFF,2014J,url,,
882707,FFF,2014J,page,1,1
883157,FFF,2014J,oucollaborate,,
882554,FFF,2014J,ouwiki,,
882915,FFF,2014J,resource,,
882922,FFF,2014J,resource,,
883189,FFF,2014J,url,2,2
882591,FFF,2014J,oucontent,29,29
882979,FFF,2014J,resource,,
883221,FFF,2014J,url,22,22
882629,FFF,2014J,oucontent,18,18
883041,FFF,2014J,subpage,2,2
883254,FFF,2014J,url,28,28
882664,FFF,2014J,oucontent,13,13
883072,FFF,2014J,subpage,,
883285,FFF,2014J,url,,
882704,FFF,2014J,page,,
883154,FFF,2014J,oucollaborate,,
882551,FFF,2014J,forumng,,
882912,FFF,2014J,resource,,
882919,FFF,2014J,resource,,
883186,FFF,2014J,url,2,2
882588,FFF,2014J,oucontent,29,29
882974,FFF,2014J,resource,,
883218,FFF,2014J,url,22,22
882625,FFF,2014J,oucontent,11,11
883037,FFF,2014J,subpage,,
883251,FFF,2014J,url,28,28
882661,FFF,2014J,oucontent,10,10
883282,FFF,2014J,url,,
882699,FFF,2014J,page,,
883151,FFF,2014J,oucollaborate,,
882547,FFF,2014J,forumng,,
882905,FFF,2014J,resource,,
883183,FFF,2014J,url,1,1
882585,FFF,2014J,oucontent,,
882969,FFF,2014J,resource,29,29
883215,FFF,2014J,url,21,21
882622,FFF,2014J,oucontent,28,28
883027,FFF,2014J,resource,,
883248,FFF,2014J,url,28,28
882658,FFF,2014J,oucontent,9,9
883069,FFF,2014J,subpage,,
882687,FFF,2014J,page,28,28
883148,FFF,2014J,oucollaborate,,
882902,FFF,2014J,resource,,
883180,FFF,2014J,url,18,18
882581,FFF,2014J,oucontent,7,7
882956,FFF,2014J,resource,,
883212,FFF,2014J,url,21,21
882619,FFF,2014J,oucontent,,
883024,FFF,2014J,resource,,
883245,FFF,2014J,url,27,27
882655,FFF,2014J,oucontent,15,15
883066,FFF,2014J,subpage,,
883279,FFF,2014J,url,,
882684,FFF,2014J,page,12,12
883144,FFF,2014J,htmlactivity,,
1072239,FFF,2014J,forumng,,
882896,FFF,2014J,resource,,
883177,FFF,2014J,url,1,1
882578,FFF,2014J,oucontent,26,26
882952,FFF,2014J,resource,18,18
883209,FFF,2014J,url,,
882616,FFF,2014J,oucontent,,
883017,FFF,2014J,resource,13,13
883242,FFF,2014J,url,27,27
882652,FFF,2014J,oucontent,15,15
883063,FFF,2014J,subpage,,
883276,FFF,2014J,url,18,18
882681,FFF,2014J,quiz,10,10
883102,FFF,2014J,repeatactivity,,
973777,FFF,2014J,oucontent,,
882724,FFF,2014J,questionnaire,5,5
883174,FFF,2014J,url,18,18
882574,FFF,2014J,oucontent,,
882948,FFF,2014J,resource,,
883206,FFF,2014J,url,21,21
882609,FFF,2014J,oucontent,,
883000,FFF,2014J,resource,,
883239,FFF,2014J,url,26,26
882649,FFF,2014J,oucontent,9,9
883060,FFF,2014J,subpage,,
883273,FFF,2014J,url,11,11
882678,FFF,2014J,quiz,10,10
883091,FFF,2014J,subpage,28,28
937371,FFF,2014J,oucontent,,
882721,FFF,2014J,questionnaire,20,20
883171,FFF,2014J,url,18,18
882570,FFF,2014J,oucontent,16,16
882945,FFF,2014J,resource,,
883203,FFF,2014J,url,20,20
882606,FFF,2014J,oucontent,11,11
882995,FFF,2014J,resource,,
883236,FFF,2014J,url,24,24
882646,FFF,2014J,oucontent,8,8
883057,FFF,2014J,subpage,23,23
883270,FFF,2014J,url,10,10
882675,FFF,2014J,quiz,,
883088,FFF,2014J,subpage,8,8
883303,FFF,2014J,dataplus,,
882718,FFF,2014J,questionnaire,24,24
883168,FFF,2014J,url,16,16
882566,FFF,2014J,oucontent,9,9
882941,FFF,2014J,resource,,
883200,FFF,2014J,url,20,20
882602,FFF,2014J,oucontent,2,2
882990,FFF,2014J,resource,,
883233,FFF,2014J,url,1,1
882643,FFF,2014J,oucontent,,
883054,FFF,2014J,subpage,21,21
883266,FFF,2014J,url,,
883084,FFF,2014J,subpage,10,10
883299,FFF,2014J,dualpane,,
882715,FFF,2014J,questionnaire,23,23
883165,FFF,2014J,url,14,14
882563,FFF,2014J,oucontent,11,11
882936,FFF,2014J,resource,28,28
883197,FFF,2014J,url,20,20
882599,FFF,2014J,oucontent,29,29
882987,FFF,2014J,resource,18,18
883230,FFF,2014J,url,23,23
882638,FFF,2014J,oucontent,,
883050,FFF,2014J,subpage,13,13
883263,FFF,2014J,url,29,29
882672,FFF,2014J,oucontent,8,8
883081,FFF,2014J,subpage,5,5
883293,FFF,2014J,url,,
882712,FFF,2014J,questionnaire,19,19
883162,FFF,2014J,url,,
882560,FFF,2014J,oucontent,8,8
882931,FFF,2014J,resource,,
883194,FFF,2014J,url,3,3
882596,FFF,2014J,oucontent,13,13
882984,FFF,2014J,resource,,
883227,FFF,2014J,url,23,23
882634,FFF,2014J,oucontent,27,27
883047,FFF,2014J,subpage,11,11
883260,FFF,2014J,url,29,29
882669,FFF,2014J,oucontent,1,1
883077,FFF,2014J,subpage,27,27
883290,FFF,2014J,url,,
882709,FFF,2014J,page,12,12
883159,FFF,2014J,oucollaborate,,
882556,FFF,2014J,ouwiki,,
882924,FFF,2014J,resource,,
883191,FFF,2014J,url,3,3
882593,FFF,2014J,oucontent,29,29
882981,FFF,2014J,resource,,
883223,FFF,2014J,url,22,22
882631,FFF,2014J,oucontent,15,15
883043,FFF,2014J,subpage,4,4
883256,FFF,2014J,url,,
882666,FFF,2014J,oucontent,15,15
883074,FFF,2014J,subpage,,
883287,FFF,2014J,url,,
882706,FFF,2014J,page,,
883156,FFF,2014J,oucollaborate,,
882553,FFF,2014J,ouwiki,,
882914,FFF,2014J,resource,,
882921,FFF,2014J,resource,,
883188,FFF,2014J,url,18,18
882590,FFF,2014J,oucontent,15,15
882976,FFF,2014J,resource,,
883220,FFF,2014J,url,22,22
882628,FFF,2014J,oucontent,22,22
883040,FFF,2014J,subpage,1,1
883253,FFF,2014J,url,28,28
882663,FFF,2014J,oucontent,1,1
883284,FFF,2014J,url,,
882703,FFF,2014J,page,,
883153,FFF,2014J,oucollaborate,,
882550,FFF,2014J,forumng,,
882911,FFF,2014J,resource,,
882917,FFF,2014J,resource,,
883185,FFF,2014J,url,18,18
882587,FFF,2014J,oucontent,29,29
882971,FFF,2014J,resource,,
883217,FFF,2014J,url,22,22
882624,FFF,2014J,oucontent,16,16
883036,FFF,2014J,subpage,,
883250,FFF,2014J,url,28,28
882660,FFF,2014J,oucontent,11,11
883071,FFF,2014J,subpage,,
883281,FFF,2014J,url,,
882689,FFF,2014J,page,,
883150,FFF,2014J,oucollaborate,,
882545,FFF,2014J,forumng,,
882904,FFF,2014J,resource,,
883182,FFF,2014J,url,1,1
882584,FFF,2014J,oucontent,21,21
882966,FFF,2014J,resource,,
883214,FFF,2014J,url,21,21
882621,FFF,2014J,oucontent,8,8
883026,FFF,2014J,resource,,
883247,FFF,2014J,url,,
882657,FFF,2014J,oucontent,15,15
883068,FFF,2014J,subpage,,
882686,FFF,2014J,page,28,28
883147,FFF,2014J,oucollaborate,,
882900,FFF,2014J,resource,,
883179,FFF,2014J,url,18,18
882580,FFF,2014J,oucontent,,
882955,FFF,2014J,resource,18,18
883211,FFF,2014J,url,21,21
882618,FFF,2014J,oucontent,,
883023,FFF,2014J,resource,,
883244,FFF,2014J,url,9,9
882654,FFF,2014J,oucontent,,
883065,FFF,2014J,subpage,,
883278,FFF,2014J,url,12,12
882683,FFF,2014J,quiz,,
883143,FFF,2014J,htmlactivity,,
1011388,FFF,2014J,forumng,,
882894,FFF,2014J,resource,,
883176,FFF,2014J,url,18,18
882577,FFF,2014J,oucontent,5,5
882951,FFF,2014J,resource,,
883208,FFF,2014J,url,21,21
882611,FFF,2014J,oucontent,20,20
883016,FFF,2014J,resource,,
883241,FFF,2014J,url,27,27
882651,FFF,2014J,oucontent,11,11
883062,FFF,2014J,subpage,,
883275,FFF,2014J,url,,
882680,FFF,2014J,quiz,10,10
883099,FFF,2014J,repeatactivity,1,1
941543,FFF,2014J,oucontent,,
882723,FFF,2014J,questionnaire,5,5
883173,FFF,2014J,url,1,1
882573,FFF,2014J,oucontent,3,3
882947,FFF,2014J,resource,11,11
883205,FFF,2014J,url,21,21
882608,FFF,2014J,oucontent,19,19
882998,FFF,2014J,resource,,
883238,FFF,2014J,url,26,26
882648,FFF,2014J,oucontent,9,9
883059,FFF,2014J,subpage,29,29
883272,FFF,2014J,url,11,11
882677,FFF,2014J,quiz,10,10
883090,FFF,2014J,subpage,24,24
883306,FFF,2014J,dataplus,,
882720,FFF,2014J,questionnaire,28,28
883170,FFF,2014J,url,18,18
882569,FFF,2014J,oucontent,8,8
882943,FFF,2014J,resource,28,28
883202,FFF,2014J,url,20,20
882605,FFF,2014J,oucontent,21,21
882993,FFF,2014J,resource,,
883235,FFF,2014J,url,23,23
882645,FFF,2014J,oucontent,9,9
883056,FFF,2014J,subpage,22,22
883269,FFF,2014J,url,10,10
883087,FFF,2014J,subpage,16,16
883302,FFF,2014J,dataplus,,
882717,FFF,2014J,questionnaire,24,24
883167,FFF,2014J,url,15,15
882565,FFF,2014J,oucontent,23,23
882940,FFF,2014J,resource,,
883199,FFF,2014J,url,20,20
882601,FFF,2014J,oucontent,16,16
882989,FFF,2014J,resource,18,18
883232,FFF,2014J,url,23,23
882642,FFF,2014J,oucontent,,
883053,FFF,2014J,subpage,20,20
883265,FFF,2014J,url,29,29
882674,FFF,2014J,quiz,,
883083,FFF,2014J,subpage,,
883295,FFF,2014J,dualpane,5,5
882714,FFF,2014J,questionnaire,20,20
883164,FFF,2014J,url,14,14
882562,FFF,2014J,oucontent,9,9
882935,FFF,2014J,resource,,
883196,FFF,2014J,url,18,18
882598,FFF,2014J,oucontent,15,15
882986,FFF,2014J,resource,,
883229,FFF,2014J,url,23,23
882636,FFF,2014J,oucontent,26,26
883049,FFF,2014J,subpage,12,12
883262,FFF,2014J,url,29,29
882671,FFF,2014J,oucontent,11,11
883080,FFF,2014J,subpage,,
883292,FFF,2014J,url,,
882711,FFF,2014J,questionnaire,19,19
883161,FFF,2014J,url,,
882559,FFF,2014J,ouwiki,19,19
882926,FFF,2014J,resource,,
883193,FFF,2014J,url,18,18
882595,FFF,2014J,oucontent,29,29
882983,FFF,2014J,resource,,
883226,FFF,2014J,url,23,23
882633,FFF,2014J,oucontent,1,1
883046,FFF,2014J,subpage,18,18
883259,FFF,2014J,url,,
882668,FFF,2014J,oucontent,10,10
883076,FFF,2014J,subpage,,
883289,FFF,2014J,url,,
882708,FFF,2014J,page,,
883158,FFF,2014J,oucollaborate,,
882555,FFF,2014J,ouwiki,26,26
882916,FFF,2014J,resource,,
882923,FFF,2014J,resource,,
883190,FFF,2014J,url,18,18
882592,FFF,2014J,oucontent,12,12
882980,FFF,2014J,resource,,
883222,FFF,2014J,url,,
882630,FFF,2014J,oucontent,15,15
883042,FFF,2014J,subpage,3,3
883255,FFF,2014J,url,28,28
882665,FFF,2014J,oucontent,1,1
883073,FFF,2014J,subpage,19,19
883286,FFF,2014J,url,,
882705,FFF,2014J,page,12,12
883155,FFF,2014J,oucollaborate,,
882552,FFF,2014J,glossary,,
882913,FFF,2014J,resource,,
882920,FFF,2014J,resource,,
883187,FFF,2014J,url,18,18
882589,FFF,2014J,oucontent,29,29
882975,FFF,2014J,resource,,
883219,FFF,2014J,url,22,22
882626,FFF,2014J,oucontent,,
883038,FFF,2014J,subpage,,
883252,FFF,2014J,url,28,28
882662,FFF,2014J,oucontent,8,8
883283,FFF,2014J,url,,
882701,FFF,2014J,page,,
883152,FFF,2014J,oucollaborate,,
882549,FFF,2014J,forumng,,
882907,FFF,2014J,resource,21,21
883184,FFF,2014J,url,18,18
882586,FFF,2014J,oucontent,28,28
882970,FFF,2014J,resource,,
883216,FFF,2014J,url,21,21
882623,FFF,2014J,oucontent,,
883029,FFF,2014J,resource,,
883249,FFF,2014J,url,28,28
882659,FFF,2014J,oucontent,11,11
883070,FFF,2014J,subpage,,
883280,FFF,2014J,url,13,13
882688,FFF,2014J,page,28,28
883149,FFF,2014J,oucollaborate,,
882537,FFF,2014J,homepage,,
882903,FFF,2014J,resource,,
883181,FFF,2014J,url,18,18
882582,FFF,2014J,oucontent,16,16
882959,FFF,2014J,resource,,
883213,FFF,2014J,url,21,21
882620,FFF,2014J,oucontent,24,24
883025,FFF,2014J,resource,13,13
883246,FFF,2014J,url,28,28
882656,FFF,2014J,oucontent,11,11
883067,FFF,2014J,subpage,,
882685,FFF,2014J,page,19,19
883145,FFF,2014J,htmlactivity,,
1072240,FFF,2014J,oucollaborate,,
882899,FFF,2014J,resource,,
883178,FFF,2014J,url,18,18
882579,FFF,2014J,oucontent,27,27
882953,FFF,2014J,resource,18,18
883210,FFF,2014J,url,21,21
882617,FFF,2014J,oucontent,,
883018,FFF,2014J,resource,,
883243,FFF,2014J,url,27,27
882653,FFF,2014J,oucontent,,
883064,FFF,2014J,subpage,,
883277,FFF,2014J,url,12,12
882682,FFF,2014J,quiz,,
883142,FFF,2014J,htmlactivity,,
1004809,FFF,2014J,questionnaire,,
882892,FFF,2014J,resource,,
883175,FFF,2014J,url,1,1
882575,FFF,2014J,oucontent,22,22
882949,FFF,2014J,resource,,
883207,FFF,2014J,url,21,21
882610,FFF,2014J,oucontent,8,8
883002,FFF,2014J,resource,,
883240,FFF,2014J,url,26,26
882650,FFF,2014J,oucontent,11,11
883061,FFF,2014J,subpage,,
883274,FFF,2014J,url,,
882679,FFF,2014J,quiz,,
883092,FFF,2014J,subpage,,
937372,FFF,2014J,url,,
882722,FFF,2014J,questionnaire,5,5
883172,FFF,2014J,url,18,18
882571,FFF,2014J,oucontent,26,26
882946,FFF,2014J,resource,29,29
883204,FFF,2014J,url,21,21
882607,FFF,2014J,oucontent,,
882996,FFF,2014J,resource,,
883237,FFF,2014J,url,24,24
882647,FFF,2014J,oucontent,9,9
883058,FFF,2014J,subpage,26,26
883271,FFF,2014J,url,,
882676,FFF,2014J,quiz,,
883089,FFF,2014J,subpage,7,7
883304,FFF,2014J,dataplus,,
882719,FFF,2014J,questionnaire,28,28
883169,FFF,2014J,url,18,18
882567,FFF,2014J,oucontent,27,27
882942,FFF,2014J,resource,15,15
883201,FFF,2014J,url,20,20
882603,FFF,2014J,oucontent,16,16
882992,FFF,2014J,resource,18,18
883234,FFF,2014J,url,23,23
882644,FFF,2014J,oucontent,,
883055,FFF,2014J,subpage,,
883268,FFF,2014J,url,10,10
883085,FFF,2014J,subpage,15,15
883301,FFF,2014J,dataplus,,
882716,FFF,2014J,questionnaire,24,24
883166,FFF,2014J,url,14,14
882564,FFF,2014J,oucontent,10,10
882937,FFF,2014J,resource,,
883198,FFF,2014J,url,20,20
882600,FFF,2014J,oucontent,14,14
882988,FFF,2014J,resource,,
883231,FFF,2014J,url,23,23
882639,FFF,2014J,oucontent,,
883051,FFF,2014J,subpage,,
883264,FFF,2014J,url,29,29
882673,FFF,2014J,quiz,,
661577,GGG,2013J,oucontent,,
661690,GGG,2013J,resource,,
661722,GGG,2013J,resource,,
661764,GGG,2013J,resource,,
661808,GGG,2013J,subpage,,
661573,GGG,2013J,forumng,,
661613,GGG,2013J,quiz,,
661719,GGG,2013J,resource,,
661761,GGG,2013J,resource,,
661804,GGG,2013J,resource,1,1
661610,GGG,2013J,quiz,,
661716,GGG,2013J,resource,,
661757,GGG,2013J,resource,,
661801,GGG,2013J,resource,,
661607,GGG,2013J,quiz,,
661713,GGG,2013J,resource,,
661753,GGG,2013J,resource,,
661796,GGG,2013J,resource,,
661602,GGG,2013J,oucontent,,
661710,GGG,2013J,resource,,
661748,GGG,2013J,resource,,
661792,GGG,2013J,resource,,
661599,GGG,2013J,oucontent,,
661707,GGG,2013J,resource,,
661743,GGG,2013J,resource,,
661787,GGG,2013J,resource,,
661595,GGG,2013J,oucontent,,
661704,GGG,2013J,resource,,
661738,GGG,2013J,resource,,
661783,GGG,2013J,resource,,
661592,GGG,2013J,oucontent,,
661701,GGG,2013J,resource,,
661734,GGG,2013J,resource,,
661777,GGG,2013J,resource,,
661589,GGG,2013J,oucontent,,
661698,GGG,2013J,resource,,
661731,GGG,2013J,resource,,
661772,GGG,2013J,resource,,
661586,GGG,2013J,oucontent,,
661695,GGG,2013J,resource,3,3
661727,GGG,2013J,resource,,
661769,GGG,2013J,resource,,
661579,GGG,2013J,oucontent,,
661692,GGG,2013J,resource,,
661724,GGG,2013J,resource,,
661766,GGG,2013J,resource,,
661810,GGG,2013J,subpage,,
661576,GGG,2013J,oucontent,,
661615,GGG,2013J,quiz,,
661721,GGG,2013J,resource,,
661763,GGG,2013J,resource,,
661807,GGG,2013J,subpage,,
661572,GGG,2013J,forumng,,
661612,GGG,2013J,quiz,,
661718,GGG,2013J,resource,,
661759,GGG,2013J,resource,,
661803,GGG,2013J,resource,,
661609,GGG,2013J,quiz,,
661715,GGG,2013J,resource,,
661756,GGG,2013J,resource,,
661799,GGG,2013J,resource,,
661606,GGG,2013J,oucontent,,
661712,GGG,2013J,resource,,
661750,GGG,2013J,resource,,
661795,GGG,2013J,resource,,
661601,GGG,2013J,oucontent,,
661709,GGG,2013J,resource,,
661747,GGG,2013J,resource,,
661790,GGG,2013J,resource,,
661598,GGG,2013J,oucontent,,
661706,GGG,2013J,resource,,
661742,GGG,2013J,resource,,
661786,GGG,2013J,resource,,
661594,GGG,2013J,oucontent,,
661703,GGG,2013J,resource,,
661736,GGG,2013J,resource,,
661780,GGG,2013J,resource,,
661591,GGG,2013J,oucontent,,
661700,GGG,2013J,resource,,
661733,GGG,2013J,resource,,
661775,GGG,2013J,resource,,
661588,GGG,2013J,oucontent,,
661697,GGG,2013J,resource,,
661729,GGG,2013J,resource,,
661771,GGG,2013J,resource,,
661585,GGG,2013J,oucontent,,
661694,GGG,2013J,resource,2,2
661726,GGG,2013J,resource,,
661768,GGG,2013J,resource,,
661578,GGG,2013J,oucontent,,
661691,GGG,2013J,resource,,
661723,GGG,2013J,resource,,
661765,GGG,2013J,resource,,
661809,GGG,2013J,subpage,,
661575,GGG,2013J,homepage,,
661614,GGG,2013J,quiz,,
661720,GGG,2013J,resource,,
661762,GGG,2013J,resource,,
661805,GGG,2013J,resource,,
661570,GGG,2013J,glossary,,
661611,GGG,2013J,quiz,,
661717,GGG,2013J,resource,,
661758,GGG,2013J,resource,,
661802,GGG,2013J,resource,,
661608,GGG,2013J,quiz,,
661714,GGG,2013J,resource,,
661755,GGG,2013J,resource,,
661798,GGG,2013J,resource,,
661603,GGG,2013J,oucontent,,
661711,GGG,2013J,resource,,
661749,GGG,2013J,resource,,
661793,GGG,2013J,resource,,
661600,GGG,2013J,oucontent,,
661708,GGG,2013J,resource,,
661744,GGG,2013J,resource,,
661789,GGG,2013J,resource,,
661597,GGG,2013J,oucontent,,
661705,GGG,2013J,resource,,
661740,GGG,2013J,resource,,
661785,GGG,2013J,resource,,
661593,GGG,2013J,oucontent,,
661702,GGG,2013J,resource,,
661735,GGG,2013J,resource,,
661779,GGG,2013J,resource,,
661590,GGG,2013J,oucontent,,
661699,GGG,2013J,resource,,
661732,GGG,2013J,resource,,
661774,GGG,2013J,resource,,
661587,GGG,2013J,oucontent,,
661696,GGG,2013J,resource,,
661728,GGG,2013J,resource,,
661770,GGG,2013J,resource,,
661584,GGG,2013J,oucontent,,
661693,GGG,2013J,resource,1,1
661725,GGG,2013J,resource,,
661767,GGG,2013J,resource,,
661811,GGG,2013J,subpage,,
896962,GGG,2014J,oucontent,,
897057,GGG,2014J,resource,,
897089,GGG,2014J,resource,,
896959,GGG,2014J,oucontent,,
897054,GGG,2014J,resource,,
897086,GGG,2014J,resource,,
897154,GGG,2014J,subpage,,
896956,GGG,2014J,quiz,,
897051,GGG,2014J,resource,2,2
897083,GGG,2014J,resource,,
897151,GGG,2014J,subpage,,
896938,GGG,2014J,forumng,,
896950,GGG,2014J,quiz,,
897048,GGG,2014J,resource,,
897080,GGG,2014J,resource,,
896943,GGG,2014J,homepage,,
896984,GGG,2014J,oucontent,,
897077,GGG,2014J,resource,,
897148,GGG,2014J,resource,,
896981,GGG,2014J,oucontent,,
897074,GGG,2014J,resource,,
897145,GGG,2014J,resource,,
896976,GGG,2014J,oucontent,,
897071,GGG,2014J,resource,,
897141,GGG,2014J,resource,,
896973,GGG,2014J,oucontent,,
897068,GGG,2014J,resource,,
897121,GGG,2014J,resource,1,1
896970,GGG,2014J,oucontent,,
897065,GGG,2014J,resource,,
897112,GGG,2014J,resource,,
896967,GGG,2014J,oucontent,,
897062,GGG,2014J,resource,,
897105,GGG,2014J,resource,,
896964,GGG,2014J,oucontent,,
897059,GGG,2014J,resource,,
897095,GGG,2014J,resource,,
896961,GGG,2014J,oucontent,,
897056,GGG,2014J,resource,,
897088,GGG,2014J,resource,,
896958,GGG,2014J,quiz,,
897053,GGG,2014J,resource,,
897085,GGG,2014J,resource,,
897153,GGG,2014J,subpage,,
896941,GGG,2014J,glossary,,
896952,GGG,2014J,quiz,,
897050,GGG,2014J,resource,1,1
897082,GGG,2014J,resource,,
896948,GGG,2014J,quiz,,
896987,GGG,2014J,oucontent,,
897079,GGG,2014J,resource,,
897150,GGG,2014J,subpage,,
896983,GGG,2014J,oucontent,,
897076,GGG,2014J,resource,,
897147,GGG,2014J,resource,,
896980,GGG,2014J,oucontent,,
897073,GGG,2014J,resource,,
897144,GGG,2014J,resource,,
896975,GGG,2014J,oucontent,,
897070,GGG,2014J,resource,,
897137,GGG,2014J,resource,,
896972,GGG,2014J,oucontent,,
897067,GGG,2014J,resource,,
897120,GGG,2014J,resource,,
896969,GGG,2014J,oucontent,,
897064,GGG,2014J,resource,,
897110,GGG,2014J,resource,,
896966,GGG,2014J,oucontent,,
897061,GGG,2014J,resource,,
897101,GGG,2014J,resource,,
896963,GGG,2014J,oucontent,,
897058,GGG,2014J,resource,,
897094,GGG,2014J,resource,,
896960,GGG,2014J,oucontent,,
897055,GGG,2014J,resource,,
897087,GGG,2014J,resource,,
896957,GGG,2014J,quiz,,
897052,GGG,2014J,resource,3,3
897084,GGG,2014J,resource,,
897152,GGG,2014J,subpage,,
896939,GGG,2014J,forumng,,
896951,GGG,2014J,quiz,,
897049,GGG,2014J,resource,,
897081,GGG,2014J,resource,,
896945,GGG,2014J,quiz,,
896985,GGG,2014J,oucontent,,
897078,GGG,2014J,resource,,
897149,GGG,2014J,resource,,
896982,GGG,2014J,oucontent,,
897075,GGG,2014J,resource,,
897146,GGG,2014J,resource,,
896978,GGG,2014J,oucontent,,
897072,GGG,2014J,resource,,
897143,GGG,2014J,resource,,
896974,GGG,2014J,oucontent,,
897069,GGG,2014J,resource,,
897131,GGG,2014J,resource,,
896971,GGG,2014J,oucontent,,
897066,GGG,2014J,resource,,
897115,GGG,2014J,resource,,
896968,GGG,2014J,oucontent,,
897063,GGG,2014J,resource,,
897109,GGG,2014J,resource,,
896965,GGG,2014J,oucontent,,
897060,GGG,2014J,resource,,
897100,GGG,2014J,resource,,
